id,법정동코드,시도명,시군구명,읍면동명,x,y
1,2671025000,부산광역시,기장군,기장읍,129.215757,35.238735
2,2671025300,부산광역시,기장군,장안읍,129.244706,35.312458
3,2671025600,부산광역시,기장군,정관읍,129.180397,35.325481
4,2671025900,부산광역시,기장군,일광읍,129.233359,35.264938
5,2671033000,부산광역시,기장군,철마면,129.149713,35.275283
6,2771025000,대구광역시,달성군,화원읍,128.489683,35.79781
7,2771025300,대구광역시,달성군,논공읍,128.419914,35.774305
8,2771025600,대구광역시,달성군,다사읍,128.453928,35.861843
9,2771025900,대구광역시,달성군,유가읍,128.459816,35.69393
10,2771026200,대구광역시,달성군,옥포읍,128.463737,35.789589
11,2771026500,대구광역시,달성군,현풍읍,128.447609,35.697465
12,2771031000,대구광역시,달성군,가창면,128.622818,35.80269
13,2771033000,대구광역시,달성군,하빈면,128.445503,35.900923
14,2771038000,대구광역시,달성군,구지면,128.413612,35.658777
15,2772025000,대구광역시,군위군,군위읍,128.568756,36.239943
16,2772031000,대구광역시,군위군,소보면,128.475219,36.25499
17,2772032000,대구광역시,군위군,효령면,128.5854,36.156865
18,2772033000,대구광역시,군위군,부계면,128.664188,36.10089
19,2772034000,대구광역시,군위군,우보면,128.661788,36.194985
20,2772035000,대구광역시,군위군,의흥면,128.715162,36.175818
21,2772036000,대구광역시,군위군,산성면,128.694895,36.123054
22,2772037000,대구광역시,군위군,삼국유사면,128.794664,36.123278
23,2871025000,인천광역시,강화군,강화읍,126.483697,37.74836
24,2871031000,인천광역시,강화군,선원면,126.484802,37.713293
25,2871032000,인천광역시,강화군,불은면,126.480287,37.686616
26,2871033000,인천광역시,강화군,길상면,126.489149,37.641662
27,2871034000,인천광역시,강화군,화도면,126.419847,37.63169
28,2871035000,인천광역시,강화군,양도면,126.422084,37.66287
29,2871036000,인천광역시,강화군,내가면,126.389865,37.71938
30,2871037000,인천광역시,강화군,하점면,126.411652,37.774897
31,2871038000,인천광역시,강화군,양사면,126.408525,37.798394
32,2871039000,인천광역시,강화군,송해면,126.463439,37.764632
33,2871040000,인천광역시,강화군,교동면,126.282912,37.78445
34,2871041000,인천광역시,강화군,삼산면,126.320308,37.704852
35,2871042000,인천광역시,강화군,서도면,126.239294,37.650332
36,2872031000,인천광역시,옹진군,북도면,126.428721,37.532862
37,2872033000,인천광역시,옹진군,백령면,124.718691,37.974176
38,2872034000,인천광역시,옹진군,대청면,124.712293,37.825384
39,2872035000,인천광역시,옹진군,덕적면,126.145046,37.227812
40,2872036000,인천광역시,옹진군,영흥면,126.483908,37.256001
41,2872037000,인천광역시,옹진군,자월면,126.307202,37.254617
42,2872038000,인천광역시,옹진군,연평면,125.702376,37.664413
43,3171025000,울산광역시,울주군,온산읍,129.314343,35.434599
44,3171025300,울산광역시,울주군,언양읍,129.125761,35.569276
45,3171025600,울산광역시,울주군,온양읍,129.280485,35.419429
46,3171025900,울산광역시,울주군,범서읍,129.23052,35.568624
47,3171026200,울산광역시,울주군,청량읍,129.306115,35.493194
48,3171026500,울산광역시,울주군,삼남읍,129.108601,35.541026
49,3171031000,울산광역시,울주군,서생면,129.325925,35.349965
50,3171034000,울산광역시,울주군,웅촌면,129.208314,35.461375
51,3171036000,울산광역시,울주군,두동면,129.201173,35.654342
52,3171037000,울산광역시,울주군,두서면,129.161861,35.647914
53,3171038000,울산광역시,울주군,상북면,129.091325,35.590515
54,3171040000,울산광역시,울주군,삼동면,129.157584,35.523766
55,3611025000,세종특별자치시,세종시,조치원읍,127.298428 36.604566,
56,3611031000,세종특별자치시,세종시,연기면,127.251526 36.542849,
57,3611032000,세종특별자치시,세종시,연동면,127.327405 36.555165,
58,3611033000,세종특별자치시,세종시,부강면,127.37092 36.529726,
59,3611034000,세종특별자치시,세종시,금남면,127.28035 36.463826,
60,3611035000,세종특별자치시,세종시,장군면,127.205633 36.496697,
61,3611036000,세종특별자치시,세종시,연서면,127.271622 36.592587,
62,3611037000,세종특별자치시,세종시,전의면,127.195956 36.681444,
63,3611038000,세종특별자치시,세종시,전동면,127.264157 36.655807,
64,3611039000,세종특별자치시,세종시,소정면,127.158256 36.722325,
65,4122025000,경기도,평택시,팽성읍,127.062405,36.965173
66,4122025300,경기도,평택시,안중읍,126.931323,36.986065
67,4122025600,경기도,평택시,포승읍,126.88515,36.982943
68,4122025900,경기도,평택시,청북읍,126.934335,37.039879
69,4122031000,경기도,평택시,진위면,127.090581,37.100062
70,4122032000,경기도,평택시,서탄면,127.035325,37.108232
71,4122033000,경기도,평택시,고덕면,127.014522,37.026728
72,4122034000,경기도,평택시,오성면,126.980326,37.007146
73,4122037000,경기도,평택시,현덕면,126.921499,36.9674
74,4136025000,경기도,남양주시,와부읍,127.2167,37.585373
75,4136025300,경기도,남양주시,진접읍,127.189862,37.726286
76,4136025600,경기도,남양주시,화도읍,127.300616,37.657918
77,4136025900,경기도,남양주시,진건읍,127.177747,37.654544
78,4136026200,경기도,남양주시,오남읍,127.204712,37.698876
79,4136026500,경기도,남양주시,퇴계원읍,127.144663,37.648977
80,4136031000,경기도,남양주시,별내면,127.124725,37.70256
81,4136034000,경기도,남양주시,수동면,127.325915,37.703517
82,4136036000,경기도,남양주시,조안면,127.30345,37.5359
83,4146125000,경기도,용인시처인구,포곡읍,127.230858,37.277923
84,4146125300,경기도,용인시처인구,모현읍,127.242369,37.329452
85,4146125600,경기도,용인시처인구,이동읍,127.196162,37.141084
86,4146125900,경기도,용인시처인구,남사읍,127.150639,37.115721
87,4146134000,경기도,용인시처인구,원삼면,127.313244,37.166692
88,4146135000,경기도,용인시처인구,백암면,127.375344,37.163452
89,4146136000,경기도,용인시처인구,양지면,127.279802,37.235507
90,4148025000,경기도,파주시,문산읍,126.791016,37.856875
91,4148025300,경기도,파주시,파주읍,126.819764,37.83069
92,4148025600,경기도,파주시,법원읍,126.882384,37.849163
93,4148026200,경기도,파주시,조리읍,126.805243,37.744784
94,4148031000,경기도,파주시,월롱면,126.789209,37.799276
95,4148032000,경기도,파주시,탄현면,126.716114,37.802541
96,4148035000,경기도,파주시,광탄면,126.85124,37.776234
97,4148036000,경기도,파주시,파평면,126.837741,37.921762
98,4148037000,경기도,파주시,적성면,126.917529,37.954159
99,4148038000,경기도,파주시,군내면,126.7281,37.9325
100,4148039000,경기도,파주시,장단면,126.712137,37.873578
101,4148040000,경기도,파주시,진동면,126.797184,37.94751
102,4148041000,경기도,파주시,진서면,126.709159,37.954774
103,4150025000,경기도,이천시,장호원읍,127.616797,37.114886
104,4150025300,경기도,이천시,부발읍,127.486916,37.283686
105,4150031000,경기도,이천시,신둔면,127.40405,37.306285
106,4150032000,경기도,이천시,백사면,127.490713,37.339057
107,4150033000,경기도,이천시,호법면,127.424414,37.222946
108,4150034000,경기도,이천시,마장면,127.357935,37.248981
109,4150035000,경기도,이천시,대월면,127.492367,37.229859
110,4150036000,경기도,이천시,모가면,127.480134,37.171695
111,4150037000,경기도,이천시,설성면,127.522038,37.132449
112,4150038000,경기도,이천시,율면,127.546417,37.094311
113,4155025000,경기도,안성시,공도읍,127.172627,37.00118
114,4155031000,경기도,안성시,보개면,127.290854,37.023016
115,4155032000,경기도,안성시,금광면,127.317513,36.997232
116,4155033000,경기도,안성시,서운면,127.259296,36.943081
117,4155034000,경기도,안성시,미양면,127.21528,36.97535
118,4155035000,경기도,안성시,대덕면,127.237832,37.012485
119,4155036000,경기도,안성시,양성면,127.194487,37.059858
120,4155038000,경기도,안성시,원곡면,127.129465,37.039413
121,4155039000,경기도,안성시,일죽면,127.476949,37.090619
122,4155040000,경기도,안성시,죽산면,127.422459,37.078583
123,4155041000,경기도,안성시,삼죽면,127.374688,37.072578
124,4155042000,경기도,안성시,고삼면,127.263421,37.08268
125,4157025000,경기도,김포시,통진읍,126.600557,37.686468
126,4157025300,경기도,김포시,고촌읍,126.770925,37.6033
127,4157025600,경기도,김포시,양촌읍,126.625427,37.657206
128,4157034000,경기도,김포시,대곶면,126.582947,37.653517
129,4157035000,경기도,김포시,월곶면,126.552781,37.715125
130,4157036000,경기도,김포시,하성면,126.63138,37.720208
131,4159025300,경기도,화성시,봉담읍,126.949488,37.220068
132,4159025600,경기도,화성시,우정읍,126.815459,37.089828
133,4159025900,경기도,화성시,향남읍,126.920302,37.132467
134,4159026200,경기도,화성시,남양읍,126.823753,37.211752
135,4159031000,경기도,화성시,매송면,126.909155,37.252223
136,4159032000,경기도,화성시,비봉면,126.873582,37.235174
137,4159033000,경기도,화성시,마도면,126.769634,37.20551
138,4159034000,경기도,화성시,송산면,126.739138,37.217818
139,4159035000,경기도,화성시,서신면,126.708788,37.166644
140,4159036000,경기도,화성시,팔탄면,126.904961,37.162248
141,4159037000,경기도,화성시,장안면,126.831349,37.079833
142,4159040000,경기도,화성시,양감면,126.945485,37.08167
143,4159041000,경기도,화성시,정남면,126.971153,37.160505
144,4161025300,경기도,광주시,초월읍,127.287969,37.385215
145,4161025900,경기도,광주시,곤지암읍,127.352338,37.351014
146,4161033000,경기도,광주시,도척면,127.331182,37.304549
147,4161034000,경기도,광주시,퇴촌면,127.30708,37.466713
148,4161035000,경기도,광주시,남종면,127.301742,37.494176
149,4161037000,경기도,광주시,남한산성면,127.244629,37.463301
150,4163025000,경기도,양주시,백석읍,126.985516,37.795076
151,4163031000,경기도,양주시,은현면,127.024525,37.874999
152,4163032000,경기도,양주시,남면,126.976675,37.898115
153,4163033000,경기도,양주시,광적면,126.983643,37.824639
154,4163034000,경기도,양주시,장흥면,126.941081,37.717927
155,4165025000,경기도,포천시,소흘읍,127.138764,37.823331
156,4165031000,경기도,포천시,군내면,127.21797,37.889002
157,4165032000,경기도,포천시,내촌면,127.22855,37.786225
158,4165033000,경기도,포천시,가산면,127.186376,37.848708
159,4165034000,경기도,포천시,신북면,127.226537,37.93396
160,4165035000,경기도,포천시,창수면,127.18906,37.991681
161,4165036000,경기도,포천시,영중면,127.245215,38.005576
162,4165037000,경기도,포천시,일동면,127.317312,37.961246
163,4165038000,경기도,포천시,이동면,127.36753,38.030679
164,4165039000,경기도,포천시,영북면,127.275506,38.089147
165,4165040000,경기도,포천시,관인면,127.251178,38.157748
166,4165041000,경기도,포천시,화현면,127.288105,37.901233
167,4167025000,경기도,여주시,가남읍,127.545176,37.201873
168,4167031000,경기도,여주시,점동면,127.659965,37.204015
169,4167032000,경기도,여주시,흥천면,127.541694,37.333163
170,4167033000,경기도,여주시,금사면,127.53335,37.392574
171,4167034500,경기도,여주시,세종대왕면,127.573466,37.300203
172,4167035000,경기도,여주시,대신면,127.5865,37.375056
173,4167036000,경기도,여주시,북내면,127.678927,37.329368
174,4167037000,경기도,여주시,강천면,127.711488,37.272917
175,4167038000,경기도,여주시,산북면,127.442994,37.40174
176,4180025000,경기도,연천군,연천읍,127.075904,38.103889
177,4180025300,경기도,연천군,전곡읍,127.06371,38.027961
178,4180031000,경기도,연천군,군남면,127.019074,38.08519
179,4180032000,경기도,연천군,청산면,127.067646,37.981804
180,4180033000,경기도,연천군,백학면,126.91795,38.029779
181,4180034000,경기도,연천군,미산면,126.992904,38.047447
182,4180035000,경기도,연천군,왕징면,127.012788,38.058569
183,4180036000,경기도,연천군,신서면,127.107013,38.182883
184,4180037000,경기도,연천군,중면,127.019102,38.135825
185,4180038000,경기도,연천군,장남면,126.884251,37.981776
186,4182025000,경기도,가평군,가평읍,127.516454,37.825151
187,4182031000,경기도,가평군,설악면,127.49485,37.675846
188,4182032500,경기도,가평군,청평면,127.424155,37.7405
189,4182033000,경기도,가평군,상면,127.356821,37.804706
190,4182034500,경기도,가평군,조종면,127.353247,37.817545
191,4182035000,경기도,가평군,북면,127.549249,37.888112
192,4183025000,경기도,양평군,양평읍,127.493425,37.486418
193,4183031000,경기도,양평군,강상면,127.4855,37.477215
194,4183032000,경기도,양평군,강하면,127.410467,37.494965
195,4183033000,경기도,양평군,양서면,127.323323,37.543361
196,4183034000,경기도,양평군,옥천면,127.456102,37.518106
197,4183035000,경기도,양평군,서종면,127.348688,37.606574
198,4183036000,경기도,양평군,단월면,127.67293,37.538521
199,4183037000,경기도,양평군,청운면,127.710686,37.556207
200,4183038000,경기도,양평군,양동면,127.751111,37.425171
201,4183039500,경기도,양평군,지평면,127.63925,37.474535
202,4183040000,경기도,양평군,용문면,127.599412,37.488811
203,4183041000,경기도,양평군,개군면,127.536796,37.425973
204,4311131000,충청북도,청주시상당구,낭성면,127.603988,36.622724
205,4311132000,충청북도,청주시상당구,미원면,127.658375,36.636174
206,4311133000,충청북도,청주시상당구,가덕면,127.548807,36.55356
207,4311134000,충청북도,청주시상당구,남일면,127.509625,36.586965
208,4311135000,충청북도,청주시상당구,문의면,127.4962,36.517767
209,4311231000,충청북도,청주시서원구,남이면,127.433596,36.560652
210,4311232000,충청북도,청주시서원구,현도면,127.424182,36.48654
211,4311325000,충청북도,청주시흥덕구,오송읍,127.324577,36.609208
212,4311331000,충청북도,청주시흥덕구,강내면,127.357325,36.621157
213,4311332000,충청북도,청주시흥덕구,옥산면,127.375613,36.664665
214,4311425000,충청북도,청주시청원구,내수읍,127.535413,36.723935
215,4311425300,충청북도,청주시청원구,오창읍,127.454483,36.742323
216,4311431000,충청북도,청주시청원구,북이면,127.541729,36.739282
217,4313025000,충청북도,충주시,주덕읍,127.795575,36.975593
218,4313031000,충청북도,충주시,살미면,127.964595,36.90537
219,4313032500,충청북도,충주시,수안보면,127.994772,36.847285
220,4313033500,충청북도,충주시,대소원면,127.817996,36.977721
221,4313035000,충청북도,충주시,신니면,127.73647,36.995636
222,4313036000,충청북도,충주시,노은면,127.754159,37.048146
223,4313037000,충청북도,충주시,앙성면,127.750806,37.109186
224,4313038500,충청북도,충주시,중앙탑면,127.856962,37.028983
225,4313039000,충청북도,충주시,금가면,127.924538,37.043067
226,4313040000,충청북도,충주시,동량면,127.96305,37.026217
227,4313041000,충청북도,충주시,산척면,127.955799,37.081722
228,4313042000,충청북도,충주시,엄정면,127.914863,37.086729
229,4313043000,충청북도,충주시,소태면,127.847713,37.109849
230,4315025000,충청북도,제천시,봉양읍,128.1217,37.1326
231,4315031000,충청북도,제천시,금성면,128.168663,37.061592
232,4315032000,충청북도,제천시,청풍면,128.168187,37.000558
233,4315033000,충청북도,제천시,수산면,128.181065,36.933831
234,4315034000,충청북도,제천시,덕산면,128.164413,36.911986
235,4315035000,충청북도,제천시,한수면,128.081941,36.885079
236,4315036000,충청북도,제천시,백운면,128.02585,37.137765
237,4315038000,충청북도,제천시,송학면,128.260975,37.18492
238,4372025000,충청북도,보은군,보은읍,127.717005,36.483591
239,4372031500,충청북도,보은군,속리산면,127.810308,36.512137
240,4372032500,충청북도,보은군,장안면,127.788713,36.469743
241,4372033000,충청북도,보은군,마로면,127.82045,36.435735
242,4372034000,충청북도,보은군,탄부면,127.795947,36.430674
243,4372035000,충청북도,보은군,삼승면,127.727632,36.395776
244,4372036000,충청북도,보은군,수한면,127.698695,36.479356
245,4372037000,충청북도,보은군,회남면,127.579147,36.445321
246,4372038500,충청북도,보은군,회인면,127.596467,36.494859
247,4372039000,충청북도,보은군,내북면,127.663946,36.578034
248,4372040000,충청북도,보은군,산외면,127.732602,36.551956
249,4373025000,충청북도,옥천군,옥천읍,127.574888,36.307425
250,4373031000,충청북도,옥천군,동이면,127.620313,36.283867
251,4373032000,충청북도,옥천군,안남면,127.672763,36.356245
252,4373033000,충청북도,옥천군,안내면,127.661906,36.394471
253,4373034000,충청북도,옥천군,청성면,127.759888,36.327692
254,4373035000,충청북도,옥천군,청산면,127.792033,36.346373
255,4373036000,충청북도,옥천군,이원면,127.619408,36.246254
256,4373037000,충청북도,옥천군,군서면,127.527437,36.279673
257,4373038000,충청북도,옥천군,군북면,127.53445,36.330187
258,4374025000,충청북도,영동군,영동읍,127.775903,36.171209
259,4374031000,충청북도,영동군,용산면,127.829457,36.259725
260,4374032000,충청북도,영동군,황간면,127.910438,36.22846
261,4374033500,충청북도,영동군,추풍령면,127.998684,36.214573
262,4374034000,충청북도,영동군,매곡면,127.932113,36.190885
263,4374035000,충청북도,영동군,상촌면,127.914138,36.148757
264,4374036000,충청북도,영동군,양강면,127.751029,36.152432
265,4374037000,충청북도,영동군,용화면,127.76722,36.020846
266,4374038000,충청북도,영동군,학산면,127.684882,36.099392
267,4374039000,충청북도,영동군,양산면,127.669005,36.122347
268,4374040000,충청북도,영동군,심천면,127.721308,36.23817
269,4374525000,충청북도,증평군,증평읍,127.581046,36.784619
270,4374531000,충청북도,증평군,도안면,127.612921,36.813376
271,4375025000,충청북도,진천군,진천읍,127.441188,36.854924
272,4375025300,충청북도,진천군,덕산읍,127.5092,36.91379
273,4375032000,충청북도,진천군,초평면,127.526289,36.845949
274,4375033000,충청북도,진천군,문백면,127.43729,36.784672
275,4375034000,충청북도,진천군,백곡면,127.3767895,36.8839682
276,4375035000,충청북도,진천군,이월면,127.428397,36.925816
277,4375037000,충청북도,진천군,광혜원면,127.435584,36.993408
278,4376025000,충청북도,괴산군,괴산읍,127.790866,36.811716
279,4376031000,충청북도,괴산군,감물면,127.874948,36.83672
280,4376032000,충청북도,괴산군,장연면,127.955298,36.824226
281,4376033000,충청북도,괴산군,연풍면,128.0007895,36.7664906
282,4376034000,충청북도,괴산군,칠성면,127.864151,36.788214
283,4376035000,충청북도,괴산군,문광면,127.785003,36.78992
284,4376036000,충청북도,괴산군,청천면,127.737349,36.660503
285,4376037000,충청북도,괴산군,청안면,127.639617,36.771976
286,4376039000,충청북도,괴산군,사리면,127.64874,36.816922
287,4376040000,충청북도,괴산군,소수면,127.744174,36.856573
288,4376041000,충청북도,괴산군,불정면,127.854127,36.871196
289,4377025000,충청북도,음성군,음성읍,127.679233,36.931299
290,4377025300,충청북도,음성군,금왕읍,127.586458,36.992223
291,4377031000,충청북도,음성군,소이면,127.757614,36.923605
292,4377032000,충청북도,음성군,원남면,127.648751,36.875482
293,4377033000,충청북도,음성군,맹동면,127.562683,36.930159
294,4377034000,충청북도,음성군,대소면,127.483293,36.971967
295,4377035000,충청북도,음성군,삼성면,127.49504,37.01838
296,4377036000,충청북도,음성군,생극면,127.606875,37.034611
297,4377037000,충청북도,음성군,감곡면,127.6435,37.112344
298,4380025000,충청북도,단양군,단양읍,128.368151,36.986533
299,4380025300,충청북도,단양군,매포읍,128.303359,37.0323
300,4380031000,충청북도,단양군,대강면,128.352075,36.922293
301,4380032000,충청북도,단양군,가곡면,128.385416,37.028456
302,4380033000,충청북도,단양군,영춘면,128.487377,37.078672
303,4380034000,충청북도,단양군,어상천면,128.3588,37.10229
304,4380035000,충청북도,단양군,적성면,128.292962,36.960726
305,4380036000,충청북도,단양군,단성면,128.323372,36.937047
306,4413125000,충청남도,천안시동남구,목천읍,127.234619,36.78501
307,4413131000,충청남도,천안시동남구,풍세면,127.118544,36.722159
308,4413132000,충청남도,천안시동남구,광덕면,127.111208,36.69862
309,4413133000,충청남도,천안시동남구,북면,127.273239,36.827422
310,4413134000,충청남도,천안시동남구,성남면,127.236937,36.742467
311,4413135000,충청남도,천안시동남구,수신면,127.280953,36.731169
312,4413136000,충청남도,천안시동남구,병천면,127.302637,36.766497
313,4413137000,충청남도,천안시동남구,동면,127.348454,36.778701
314,4413325000,충청남도,천안시서북구,성환읍,127.13434,36.918198
315,4413325300,충청남도,천안시서북구,성거읍,127.199019,36.878016
316,4413325600,충청남도,천안시서북구,직산읍,127.150491,36.878771
317,4413331000,충청남도,천안시서북구,입장면,127.221112,36.912709
318,4415025000,충청남도,공주시,유구읍,126.9504,36.552825
319,4415031000,충청남도,공주시,이인면,127.063196,36.362008
320,4415032000,충청남도,공주시,탄천면,127.0302,36.330044
321,4415033000,충청남도,공주시,계룡면,127.141651,36.360318
322,4415034000,충청남도,공주시,반포면,127.250274,36.3969
323,4415036000,충청남도,공주시,의당면,127.141316,36.500932
324,4415037000,충청남도,공주시,정안면,127.120113,36.608682
325,4415038000,충청남도,공주시,우성면,127.0497697,36.4709543
326,4415039000,충청남도,공주시,사곡면,127.025323,36.502145
327,4415040000,충청남도,공주시,신풍면,126.9555,36.514675
328,4418025000,충청남도,보령시,웅천읍,126.601254,36.231795
329,4418031000,충청남도,보령시,주포면,126.587978,36.415112
330,4418032000,충청남도,보령시,오천면,126.523616,36.436677
331,4418033000,충청남도,보령시,천북면,126.527312,36.478718
332,4418034000,충청남도,보령시,청소면,126.589538,36.44546
333,4418035000,충청남도,보령시,청라면,126.673601,36.390473
334,4418036000,충청남도,보령시,남포면,126.605,36.304658
335,4418038000,충청남도,보령시,주산면,126.631729,36.198339
336,4418039000,충청남도,보령시,미산면,126.6764,36.21061
337,4418040000,충청남도,보령시,성주면,126.651412,36.336087
338,4418041000,충청남도,보령시,주교면,126.569288,36.390849
339,4420025000,충청남도,아산시,염치읍,126.97645,36.816792
340,4420025300,충청남도,아산시,배방읍,127.053849,36.773844
341,4420031000,충청남도,아산시,송악면,127.009054,36.73163
342,4420033000,충청남도,아산시,탕정면,127.060889,36.798542
343,4420035000,충청남도,아산시,음봉면,127.012275,36.849749
344,4420036000,충청남도,아산시,둔포면,127.037629,36.929729
345,4420037000,충청남도,아산시,영인면,126.954767,36.856597
346,4420038000,충청남도,아산시,인주면,126.884614,36.869044
347,4420039000,충청남도,아산시,선장면,126.861288,36.791292
348,4420040000,충청남도,아산시,도고면,126.877408,36.757458
349,4420041000,충청남도,아산시,신창면,126.9361,36.803708
350,4421025000,충청남도,서산시,대산읍,126.434325,36.939635
351,4421031000,충청남도,서산시,인지면,126.425313,36.753125
352,4421032000,충청남도,서산시,부석면,126.393519,36.714908
353,4421033000,충청남도,서산시,팔봉면,126.350211,36.812079
354,4421034000,충청남도,서산시,지곡면,126.438107,36.863411
355,4421036000,충청남도,서산시,성연면,126.460984,36.839092
356,4421037000,충청남도,서산시,음암면,126.517988,36.800067
357,4421038000,충청남도,서산시,운산면,126.580616,36.81074
358,4421039000,충청남도,서산시,해미면,126.544796,36.714049
359,4421040000,충청남도,서산시,고북면,126.533973,36.667147
360,4423025000,충청남도,논산시,강경읍,127.017955,36.158115
361,4423025300,충청남도,논산시,연무읍,127.099036,36.125158
362,4423031000,충청남도,논산시,성동면,127.033553,36.203631
363,4423032000,충청남도,논산시,광석면,127.079782,36.242898
364,4423033000,충청남도,논산시,노성면,127.13025,36.27815
365,4423034000,충청남도,논산시,상월면,127.141141,36.295757
366,4423035000,충청남도,논산시,부적면,127.128276,36.216364
367,4423036000,충청남도,논산시,연산면,127.200572,36.213462
368,4423038000,충청남도,논산시,벌곡면,127.264751,36.205934
369,4423039000,충청남도,논산시,양촌면,127.232629,36.13857
370,4423040000,충청남도,논산시,가야곡면,127.158798,36.136807
371,4423041000,충청남도,논산시,은진면,127.106871,36.167427
372,4423042000,충청남도,논산시,채운면,127.0627326,36.1735692
373,4425031000,충청남도,계룡시,두마면,127.272715,36.266896
374,4425031500,충청남도,계룡시,엄사면,127.239873,36.288606
375,4425033000,충청남도,계룡시,신도안면,127.242188,36.300467
376,4427025000,충청남도,당진시,합덕읍,126.763997,36.809871
377,4427025300,충청남도,당진시,송악읍,126.690163,36.903191
378,4427031000,충청남도,당진시,고대면,126.596838,36.926026
379,4427032000,충청남도,당진시,석문면,126.590825,36.981918
380,4427033000,충청남도,당진시,대호지면,126.5042,36.90004
381,4427034000,충청남도,당진시,정미면,126.568231,36.882508
382,4427035000,충청남도,당진시,면천면,126.665169,36.815939
383,4427036000,충청남도,당진시,순성면,126.714422,36.845382
384,4427037000,충청남도,당진시,우강면,126.77691,36.815358
385,4427038000,충청남도,당진시,신평면,126.773575,36.885265
386,4427039000,충청남도,당진시,송산면,126.679126,36.932638
387,4471025000,충청남도,금산군,금산읍,127.490507,36.107297
388,4471031000,충청남도,금산군,금성면,127.453735,36.130823
389,4471032000,충청남도,금산군,제원면,127.546068,36.112562
390,4471033000,충청남도,금산군,부리면,127.555017,36.060768
391,4471034000,충청남도,금산군,군북면,127.527663,36.168935
392,4471035000,충청남도,금산군,남일면,127.504484,36.042889
393,4471036000,충청남도,금산군,남이면,127.436686,36.04546
394,4471037000,충청남도,금산군,진산면,127.370338,36.144232
395,4471038000,충청남도,금산군,복수면,127.398323,36.16646
396,4471039000,충청남도,금산군,추부면,127.475982,36.194949
397,4476025000,충청남도,부여군,부여읍,126.911164,36.275596
398,4476031000,충청남도,부여군,규암면,126.884161,36.275127
399,4476032000,충청남도,부여군,은산면,126.854205,36.310419
400,4476033000,충청남도,부여군,외산면,126.704218,36.304338
401,4476034000,충청남도,부여군,내산면,126.780555,36.274806
402,4476035000,충청남도,부여군,구룡면,126.812888,36.252692
403,4476036000,충청남도,부여군,홍산면,126.760313,36.216726
404,4476037000,충청남도,부여군,옥산면,126.733675,36.191468
405,4476038000,충청남도,부여군,남면,126.8063,36.212098
406,4476039000,충청남도,부여군,충화면,126.821667,36.181755
407,4476040000,충청남도,부여군,양화면,126.881207,36.135358
408,4476041000,충청남도,부여군,임천면,126.894792,36.191186
409,4476042000,충청남도,부여군,장암면,126.8865,36.243926
410,4476043000,충청남도,부여군,세도면,126.948438,36.169976
411,4476044000,충청남도,부여군,석성면,127.002398,36.253289
412,4476045000,충청남도,부여군,초촌면,127.020062,36.263958
413,4477025000,충청남도,서천군,장항읍,126.700292,36.010502
414,4477025300,충청남도,서천군,서천읍,126.68989,36.077811
415,4477031000,충청남도,서천군,마서면,126.706763,36.061933
416,4477032000,충청남도,서천군,화양면,126.781888,36.0378
417,4477033000,충청남도,서천군,기산면,126.7622,36.074667
418,4477034000,충청남도,서천군,한산면,126.8021,36.086265
419,4477035000,충청남도,서천군,마산면,126.790688,36.117382
420,4477036000,충청남도,서천군,시초면,126.752863,36.121882
421,4477037000,충청남도,서천군,문산면,126.752188,36.142307
422,4477038000,충청남도,서천군,판교면,126.689125,36.157786
423,4477039000,충청남도,서천군,종천면,126.670079,36.097458
424,4477040000,충청남도,서천군,비인면,126.601384,36.142086
425,4477041000,충청남도,서천군,서면,126.549555,36.152946
426,4479025000,충청남도,청양군,청양읍,126.806826,36.453412
427,4479031000,충청남도,청양군,운곡면,126.844737,36.52379
428,4479032000,충청남도,청양군,대치면,126.832116,36.444379
429,4479033000,충청남도,청양군,정산면,126.94505,36.414882
430,4479034000,충청남도,청양군,목면,127.003863,36.41901
431,4479035000,충청남도,청양군,청남면,126.952219,36.352361
432,4479036000,충청남도,청양군,장평면,126.893051,36.341891
433,4479037000,충청남도,청양군,남양면,126.776123,36.401258
434,4479038000,충청남도,청양군,화성면,126.71734,36.427305
435,4479039000,충청남도,청양군,비봉면,126.786513,36.519467
436,4480025000,충청남도,홍성군,홍성읍,126.663091,36.597103
437,4480025300,충청남도,홍성군,광천읍,126.624874,36.504559
438,4480025600,충청남도,홍성군,홍북읍,126.692644,36.6495676
439,4480032000,충청남도,홍성군,금마면,126.732663,36.611907
440,4480033000,충청남도,홍성군,홍동면,126.68807,36.559088
441,4480034000,충청남도,홍성군,장곡면,126.6913,36.50515
442,4480035000,충청남도,홍성군,은하면,126.590525,36.531938
443,4480036000,충청남도,홍성군,결성면,126.546617,36.524263
444,4480037000,충청남도,홍성군,서부면,126.51724,36.580279
445,4480038000,충청남도,홍성군,갈산면,126.5501,36.605174
446,4480039000,충청남도,홍성군,구항면,126.610888,36.587757
447,4481025000,충청남도,예산군,예산읍,126.846163,36.678668
448,4481025300,충청남도,예산군,삽교읍,126.739388,36.688038
449,4481031000,충청남도,예산군,대술면,126.892188,36.657582
450,4481032000,충청남도,예산군,신양면,126.86848,36.601558
451,4481033000,충청남도,예산군,광시면,126.77329,36.548939
452,4481034000,충청남도,예산군,대흥면,126.788316,36.606757
453,4481035000,충청남도,예산군,응봉면,126.761153,36.658645
454,4481036000,충청남도,예산군,덕산면,126.6655,36.701485
455,4481037000,충청남도,예산군,봉산면,126.681675,36.748701
456,4481038000,충청남도,예산군,고덕면,126.702637,36.745301
457,4481039000,충청남도,예산군,신암면,126.826243,36.734502
458,4481040000,충청남도,예산군,오가면,126.797613,36.687126
459,4482525000,충청남도,태안군,태안읍,126.296373,36.757679
460,4482525300,충청남도,태안군,안면읍,126.344475,36.520682
461,4482531000,충청남도,태안군,고남면,126.4092,36.420401
462,4482532000,충청남도,태안군,남면,126.297698,36.671902
463,4482533000,충청남도,태안군,근흥면,126.227988,36.713626
464,4482534000,충청남도,태안군,소원면,126.197282,36.762554
465,4482535000,충청남도,태안군,원북면,126.2571,36.823467
466,4482536000,충청남도,태안군,이원면,126.280838,36.869582
467,4613025000,전라남도,여수시,돌산읍,127.721888,34.617293
468,4613031000,전라남도,여수시,소라면,127.632525,34.792717
469,4613032000,전라남도,여수시,율촌면,127.578587,34.881981
470,4613033000,전라남도,여수시,화양면,127.613537,34.70815
471,4613034000,전라남도,여수시,남면,127.766541,34.509467
472,4613035000,전라남도,여수시,화정면,127.639387,34.62101
473,4613036000,전라남도,여수시,삼산면,127.311925,34.0257
474,4615025000,전라남도,순천시,승주읍,127.389813,35.01445
475,4615031000,전라남도,순천시,해룡면,127.537702,34.913758
476,4615032000,전라남도,순천시,서면,127.488336,34.994714
477,4615033000,전라남도,순천시,황전면,127.426882,35.101415
478,4615034000,전라남도,순천시,월등면,127.380538,35.093415
479,4615035000,전라남도,순천시,주암면,127.235063,35.076875
480,4615036000,전라남도,순천시,송광면,127.263863,34.974104
481,4615037000,전라남도,순천시,외서면,127.2774,34.913782
482,4615038000,전라남도,순천시,낙안면,127.346247,34.908033
483,4615039000,전라남도,순천시,별량면,127.451836,34.874368
484,4615040000,전라남도,순천시,상사면,127.455151,34.939132
485,4617025000,전라남도,나주시,남평읍,126.843164,35.046425
486,4617031000,전라남도,나주시,세지면,126.7495,34.919751
487,4617032000,전라남도,나주시,왕곡면,126.669795,34.968178
488,4617033000,전라남도,나주시,반남면,126.651713,34.903807
489,4617034000,전라남도,나주시,공산면,126.608125,34.943335
490,4617035000,전라남도,나주시,동강면,126.564013,34.939451
491,4617036000,전라남도,나주시,다시면,126.637288,35.01935
492,4617037000,전라남도,나주시,문평면,126.603861,35.055199
493,4617038000,전라남도,나주시,노안면,126.7322,35.075925
494,4617039000,전라남도,나주시,금천면,126.753485,35.030838
495,4617040000,전라남도,나주시,산포면,126.80573,35.040096
496,4617042000,전라남도,나주시,다도면,126.82758,34.947275
497,4617043000,전라남도,나주시,봉황면,126.784246,34.958281
498,4623025000,전라남도,광양시,광양읍,127.58105,34.97341
499,4623031000,전라남도,광양시,봉강면,127.581188,35.011492
500,4623032000,전라남도,광양시,옥룡면,127.619229,35.016929
501,4623033000,전라남도,광양시,옥곡면,127.698888,34.989526
502,4623034000,전라남도,광양시,진상면,127.719668,35.019988
503,4623035000,전라남도,광양시,진월면,127.758098,34.978401
504,4623036000,전라남도,광양시,다압면,127.69115,35.123305
505,4671025000,전라남도,담양군,담양읍,126.981856,35.320473
506,4671031000,전라남도,담양군,봉산면,126.956875,35.276208
507,4671032000,전라남도,담양군,고서면,126.973111,35.223582
508,4671033500,전라남도,담양군,가사문학면,127.0279,35.17747
509,4671034000,전라남도,담양군,창평면,127.019017,35.238901
510,4671035000,전라남도,담양군,대덕면,127.037088,35.24946
511,4671036000,전라남도,담양군,무정면,127.030038,35.294908
512,4671037000,전라남도,담양군,금성면,127.0255,35.343374
513,4671038000,전라남도,담양군,용면,126.987492,35.364977
514,4671039000,전라남도,담양군,월산면,126.954738,35.340224
515,4671040000,전라남도,담양군,수북면,126.9287,35.301783
516,4671041000,전라남도,담양군,대전면,126.887913,35.274958
517,4672025000,전라남도,곡성군,곡성읍,127.296403,35.282134
518,4672031000,전라남도,곡성군,오곡면,127.313913,35.27235
519,4672032000,전라남도,곡성군,삼기면,127.211713,35.23601
520,4672033000,전라남도,곡성군,석곡면,127.254106,35.132945
521,4672034000,전라남도,곡성군,목사동면,127.299919,35.12077
522,4672035000,전라남도,곡성군,죽곡면,127.319238,35.151215
523,4672036000,전라남도,곡성군,고달면,127.341388,35.295625
524,4672037000,전라남도,곡성군,옥과면,127.135625,35.27375
525,4672038000,전라남도,곡성군,입면,127.204136,35.297105
526,4672039000,전라남도,곡성군,겸면,127.1725,35.255608
527,4672040000,전라남도,곡성군,오산면,127.12155,35.237951
528,4673025000,전라남도,구례군,구례읍,127.4631012,35.2087714
529,4673031000,전라남도,구례군,문척면,127.489075,35.191785
530,4673032000,전라남도,구례군,간전면,127.543769,35.178219
531,4673033000,전라남도,구례군,토지면,127.526233,35.197841
532,4673034000,전라남도,구례군,마산면,127.487488,35.22311
533,4673035000,전라남도,구례군,광의면,127.439925,35.260208
534,4673036000,전라남도,구례군,용방면,127.430163,35.25065
535,4673037000,전라남도,구례군,산동면,127.439375,35.315858
536,4677025000,전라남도,고흥군,고흥읍,127.280653,34.606287
537,4677025300,전라남도,고흥군,도양읍,127.138557,34.529502
538,4677031000,전라남도,고흥군,풍양면,127.242012,34.575525
539,4677032000,전라남도,고흥군,도덕면,127.17779,34.566774
540,4677033000,전라남도,고흥군,금산면,127.125118,34.459143
541,4677034000,전라남도,고흥군,도화면,127.317238,34.510149
542,4677035000,전라남도,고흥군,포두면,127.34055,34.571533
543,4677036000,전라남도,고흥군,봉래면,127.459032,34.463728
544,4677037000,전라남도,고흥군,점암면,127.379423,34.652878
545,4677038000,전라남도,고흥군,과역면,127.359882,34.681266
546,4677039000,전라남도,고흥군,남양면,127.339812,34.728921
547,4677040000,전라남도,고흥군,동강면,127.333963,34.779392
548,4677041000,전라남도,고흥군,대서면,127.284154,34.771319
549,4677042000,전라남도,고흥군,두원면,127.273658,34.646568
550,4677044000,전라남도,고흥군,영남면,127.45595,34.602015
551,4677045000,전라남도,고흥군,동일면,127.466944,34.502421
552,4678025000,전라남도,보성군,보성읍,127.080185,34.768504
553,4678025300,전라남도,보성군,벌교읍,127.341463,34.847449
554,4678031000,전라남도,보성군,노동면,127.068209,34.798993
555,4678032000,전라남도,보성군,미력면,127.087547,34.801004
556,4678033000,전라남도,보성군,겸백면,127.151828,34.829459
557,4678034000,전라남도,보성군,율어면,127.186964,34.870621
558,4678035000,전라남도,보성군,복내면,127.131275,34.893007
559,4678036000,전라남도,보성군,문덕면,127.172462,34.92931
560,4678037000,전라남도,보성군,조성면,127.247612,34.808477
561,4678038000,전라남도,보성군,득량면,127.168773,34.762215
562,4678039000,전라남도,보성군,회천면,127.0854,34.668785
563,4678040000,전라남도,보성군,웅치면,127.020195,34.716059
564,4679025000,전라남도,화순군,화순읍,126.984588,35.05995
565,4679031000,전라남도,화순군,한천면,126.998738,34.977899
566,4679032000,전라남도,화순군,춘양면,126.960048,34.950688
567,4679033000,전라남도,화순군,청풍면,126.970306,34.876394
568,4679034000,전라남도,화순군,이양면,126.988323,34.887982
569,4679035000,전라남도,화순군,능주면,126.9580737,34.9898895
570,4679036000,전라남도,화순군,도곡면,126.914245,34.996882
571,4679037000,전라남도,화순군,도암면,126.896811,34.937803
572,4679038000,전라남도,화순군,이서면,127.071075,35.11044
573,4679039500,전라남도,화순군,백아면,127.132275,35.168135
574,4679040000,전라남도,화순군,동복면,127.129075,35.071192
575,4679041500,전라남도,화순군,사평면,127.095863,35.007308
576,4679042000,전라남도,화순군,동면,127.038513,35.029925
577,4680025000,전라남도,장흥군,장흥읍,126.902655,34.679767
578,4680025300,전라남도,장흥군,관산읍,126.938904,34.561604
579,4680025600,전라남도,장흥군,대덕읍,126.888228,34.499449
580,4680031000,전라남도,장흥군,용산면,126.914025,34.614924
581,4680032000,전라남도,장흥군,안양면,126.973986,34.649988
582,4680033000,전라남도,장흥군,장동면,126.995382,34.749884
583,4680034000,전라남도,장흥군,장평면,126.9748,34.773675
584,4680035000,전라남도,장흥군,유치면,126.838933,34.802324
585,4680036000,전라남도,장흥군,부산면,126.902552,34.720515
586,4680037000,전라남도,장흥군,회진면,126.939557,34.481548
587,4681025000,전라남도,강진군,강진읍,126.773556,34.6358
588,4681031000,전라남도,강진군,군동면,126.815089,34.644877
589,4681032000,전라남도,강진군,칠량면,126.799213,34.572733
590,4681033000,전라남도,강진군,대구면,126.800844,34.495436
591,4681034000,전라남도,강진군,도암면,126.727712,34.546353
592,4681035000,전라남도,강진군,신전면,126.720051,34.513549
593,4681036000,전라남도,강진군,성전면,126.709098,34.692695
594,4681037000,전라남도,강진군,작천면,126.771391,34.704228
595,4681038000,전라남도,강진군,병영면,126.812737,34.716827
596,4681039000,전라남도,강진군,옴천면,126.794413,34.745056
597,4681040000,전라남도,강진군,마량면,126.81895,34.450468
598,4682025000,전라남도,해남군,해남읍,126.599186,34.565215
599,4682031000,전라남도,해남군,삼산면,126.609988,34.520825
600,4682032000,전라남도,해남군,화산면,126.515196,34.491382
601,4682033000,전라남도,해남군,현산면,126.553525,34.459926
602,4682034000,전라남도,해남군,송지면,126.519176,34.36965
603,4682035000,전라남도,해남군,북평면,126.625463,34.408132
604,4682036000,전라남도,해남군,북일면,126.676033,34.464178
605,4682037000,전라남도,해남군,옥천면,126.64785,34.5675
606,4682038000,전라남도,해남군,계곡면,126.659563,34.645132
607,4682039000,전라남도,해남군,마산면,126.568163,34.621615
608,4682040000,전라남도,해남군,황산면,126.436358,34.576975
609,4682041000,전라남도,해남군,산이면,126.447898,34.644754
610,4682042000,전라남도,해남군,문내면,126.314133,34.597054
611,4682043000,전라남도,해남군,화원면,126.327684,34.670875
612,4683025000,전라남도,영암군,영암읍,126.701346,34.799739
613,4683025300,전라남도,영암군,삼호읍,126.469169,34.746009
614,4683031000,전라남도,영암군,덕진면,126.69704,34.818848
615,4683032000,전라남도,영암군,금정면,126.74899,34.863124
616,4683033000,전라남도,영암군,신북면,126.692594,34.890246
617,4683034000,전라남도,영암군,시종면,126.607028,34.868596
618,4683035000,전라남도,영암군,도포면,126.643663,34.845191
619,4683036000,전라남도,영암군,군서면,126.650451,34.779516
620,4683037000,전라남도,영암군,서호면,126.584963,34.754992
621,4683038000,전라남도,영암군,학산면,126.570135,34.726205
622,4683039000,전라남도,영암군,미암면,126.571788,34.699268
623,4684025000,전라남도,무안군,무안읍,126.4763,34.990539
624,4684025300,전라남도,무안군,일로읍,126.490289,34.851438
625,4684025600,전라남도,무안군,삼향읍,126.441576,34.823075
626,4684032000,전라남도,무안군,몽탄면,126.502075,34.930801
627,4684033000,전라남도,무안군,청계면,126.428904,34.911009
628,4684034000,전라남도,무안군,현경면,126.411968,35.021425
629,4684035000,전라남도,무안군,망운면,126.394544,35.012968
630,4684036000,전라남도,무안군,해제면,126.294513,35.110449
631,4684037000,전라남도,무안군,운남면,126.343238,34.962215
632,4686025000,전라남도,함평군,함평읍,126.520263,35.0654
633,4686031000,전라남도,함평군,손불면,126.431763,35.143228
634,4686032000,전라남도,함평군,신광면,126.496162,35.152769
635,4686033000,전라남도,함평군,학교면,126.537518,35.016953
636,4686034000,전라남도,함평군,엄다면,126.515871,35.010362
637,4686035000,전라남도,함평군,대동면,126.531301,35.068915
638,4686036000,전라남도,함평군,나산면,126.609109,35.113875
639,4686037000,전라남도,함평군,해보면,126.601548,35.180127
640,4686038000,전라남도,함평군,월야면,126.63228,35.180061
641,4687025000,전라남도,영광군,영광읍,126.512818,35.273263
642,4687025300,전라남도,영광군,백수읍,126.419924,35.281672
643,4687025600,전라남도,영광군,홍농읍,126.44535,35.395774
644,4687031000,전라남도,영광군,대마면,126.577508,35.301452
645,4687032000,전라남도,영광군,묘량면,126.54315,35.257092
646,4687033000,전라남도,영광군,불갑면,126.507604,35.208989
647,4687034000,전라남도,영광군,군서면,126.4751,35.257833
648,4687035000,전라남도,영광군,군남면,126.449521,35.239509
649,4687036000,전라남도,영광군,염산면,126.371829,35.217943
650,4687037000,전라남도,영광군,법성면,126.445988,35.362057
651,4687038000,전라남도,영광군,낙월면,126.137621,35.202182
652,4688025000,전라남도,장성군,장성읍,126.785275,35.303192
653,4688031000,전라남도,장성군,진원면,126.833463,35.27315
654,4688032000,전라남도,장성군,남면,126.812138,35.24431
655,4688033000,전라남도,장성군,동화면,126.73885,35.284275
656,4688034000,전라남도,장성군,삼서면,126.646388,35.232176
657,4688035000,전라남도,장성군,삼계면,126.662217,35.257903
658,4688036000,전라남도,장성군,황룡면,126.773027,35.288882
659,4688037000,전라남도,장성군,서삼면,126.767165,35.334128
660,4688038000,전라남도,장성군,북일면,126.807363,35.37474
661,4688039000,전라남도,장성군,북이면,126.808082,35.429171
662,4688040000,전라남도,장성군,북하면,126.8796,35.407374
663,4689025000,전라남도,완도군,완도읍,126.745525,34.316731
664,4689025300,전라남도,완도군,금일읍,127.029521,34.348907
665,4689025600,전라남도,완도군,노화읍,126.57576,34.177871
666,4689031000,전라남도,완도군,군외면,126.647436,34.389418
667,4689032000,전라남도,완도군,신지면,126.827154,34.334724
668,4689033000,전라남도,완도군,고금면,126.804321,34.394932
669,4689034000,전라남도,완도군,약산면,126.898137,34.393608
670,4689035000,전라남도,완도군,청산면,126.858975,34.179893
671,4689036000,전라남도,완도군,소안면,126.650988,34.174835
672,4689037000,전라남도,완도군,금당면,127.071175,34.429901
673,4689038000,전라남도,완도군,보길면,126.56755,34.169143
674,4689039000,전라남도,완도군,생일면,126.99755,34.333125
675,4690025000,전라남도,진도군,진도읍,126.263018,34.480813
676,4690031000,전라남도,진도군,군내면,126.291988,34.512517
677,4690032000,전라남도,진도군,고군면,126.343012,34.490521
678,4690033000,전라남도,진도군,의신면,126.28345,34.43926
679,4690034000,전라남도,진도군,임회면,126.189953,34.406112
680,4690035000,전라남도,진도군,지산면,126.167242,34.425652
681,4690036000,전라남도,진도군,조도면,126.047462,34.296617
682,4691025000,전라남도,신안군,지도읍,126.207586,35.06125
683,4691025300,전라남도,신안군,압해읍,126.312694,34.866341
684,4691031000,전라남도,신안군,증도면,126.139694,35.002831
685,4691032000,전라남도,신안군,임자면,126.111169,35.084153
686,4691033000,전라남도,신안군,자은면,126.047405,34.884461
687,4691034000,전라남도,신안군,비금면,125.926625,34.755483
688,4691035000,전라남도,신안군,도초면,125.953438,34.703635
689,4691036000,전라남도,신안군,흑산면,125.427371,34.682979
690,4691037000,전라남도,신안군,하의면,126.036575,34.606818
691,4691038000,전라남도,신안군,신의면,126.088421,34.584854
692,4691039000,전라남도,신안군,장산면,126.148982,34.643209
693,4691040000,전라남도,신안군,안좌면,126.124644,34.756085
694,4691041000,전라남도,신안군,팔금면,126.142474,34.785115
695,4691042000,전라남도,신안군,암태면,126.112188,34.827208
696,4711125000,경상북도,포항시남구,구룡포읍,129.546148,35.98516
697,4711125300,경상북도,포항시남구,연일읍,129.3441,35.991618
698,4711125600,경상북도,포항시남구,오천읍,129.41466,35.963167
699,4711131000,경상북도,포항시남구,대송면,129.359925,35.968501
700,4711132000,경상북도,포항시남구,동해면,129.440169,35.988473
701,4711133000,경상북도,포항시남구,장기면,129.49229,35.895766
702,4711135000,경상북도,포항시남구,호미곶면,129.555531,36.080854
703,4711325000,경상북도,포항시북구,흥해읍,129.341663,36.107199
704,4711331000,경상북도,포항시북구,신광면,129.262907,36.130136
705,4711332000,경상북도,포항시북구,청하면,129.340788,36.201124
706,4711333000,경상북도,포항시북구,송라면,129.356945,36.228834
707,4711334000,경상북도,포항시북구,기계면,129.21025,36.072433
708,4711335000,경상북도,포항시북구,죽장면,129.095775,36.160182
709,4711336000,경상북도,포항시북구,기북면,129.16635,36.128582
710,4713025000,경상북도,경주시,감포읍,129.501644,35.807411
711,4713025300,경상북도,경주시,안강읍,129.227063,35.990137
712,4713025600,경상북도,경주시,건천읍,129.102055,35.850199
713,4713025900,경상북도,경주시,외동읍,129.327637,35.717547
714,4713031500,경상북도,경주시,문무대왕면,129.443125,35.791133
715,4713032000,경상북도,경주시,양남면,129.460326,35.677811
716,4713033000,경상북도,경주시,내남면,129.200136,35.752404
717,4713034000,경상북도,경주시,산내면,129.044396,35.755746
718,4713035000,경상북도,경주시,서면,129.052547,35.891342
719,4713036000,경상북도,경주시,현곡면,129.202395,35.86644
720,4713037000,경상북도,경주시,강동면,129.273313,35.987785
721,4713038000,경상북도,경주시,천북면,129.271126,35.89533
722,4715025000,경상북도,김천시,아포읍,128.253401,36.159889
723,4715031000,경상북도,김천시,농소면,128.172323,36.106092
724,4715032000,경상북도,김천시,남면,128.189496,36.107917
725,4715034000,경상북도,김천시,개령면,128.186181,36.1677
726,4715035000,경상북도,김천시,감문면,128.181006,36.214222
727,4715036000,경상북도,김천시,어모면,128.11875,36.18058
728,4715037000,경상북도,김천시,봉산면,128.06027,36.141479
729,4715038000,경상북도,김천시,대항면,128.022124,36.124438
730,4715039000,경상북도,김천시,감천면,128.125501,36.065925
731,4715040000,경상북도,김천시,조마면,128.099025,36.03495
732,4715041000,경상북도,김천시,구성면,128.047712,36.032542
733,4715042000,경상북도,김천시,지례면,128.02665,35.984793
734,4715043000,경상북도,김천시,부항면,127.955109,35.990228
735,4715044000,경상북도,김천시,대덕면,127.9688031,35.9178772
736,4715045000,경상북도,김천시,증산면,128.035203,35.901977
737,4717025000,경상북도,안동시,풍산읍,128.572025,36.580125
738,4717031000,경상북도,안동시,와룡면,128.766413,36.61644
739,4717032000,경상북도,안동시,북후면,128.702283,36.685038
740,4717033000,경상북도,안동시,서후면,128.66385,36.616957
741,4717034000,경상북도,안동시,풍천면,128.506525,36.556192
742,4717035000,경상북도,안동시,일직면,128.659562,36.475301
743,4717036000,경상북도,안동시,남후면,128.689962,36.523644
744,4717037000,경상북도,안동시,남선면,128.769837,36.526192
745,4717038000,경상북도,안동시,임하면,128.831008,36.524737
746,4717039000,경상북도,안동시,길안면,128.89438,36.455956
747,4717040000,경상북도,안동시,임동면,128.917576,36.56885
748,4717041000,경상북도,안동시,예안면,128.885127,36.661282
749,4717042000,경상북도,안동시,도산면,128.833822,36.745154
750,4717043000,경상북도,안동시,녹전면,128.773713,36.742843
751,4719025000,경상북도,구미시,선산읍,128.298975,36.242976
752,4719025300,경상북도,구미시,고아읍,128.328392,36.210947
753,4719025600,경상북도,구미시,산동읍,128.43415,36.169676
754,4719031000,경상북도,구미시,무을면,128.197463,36.260767
755,4719032000,경상북도,구미시,옥성면,128.278775,36.295783
756,4719033000,경상북도,구미시,도개면,128.330813,36.299558
757,4719034000,경상북도,구미시,해평면,128.391288,36.199835
758,4719036000,경상북도,구미시,장천면,128.4951,36.125907
759,4721025000,경상북도,영주시,풍기읍,128.526273,36.867171
760,4721031000,경상북도,영주시,이산면,128.656206,36.821798
761,4721032000,경상북도,영주시,평은면,128.688572,36.758408
762,4721033000,경상북도,영주시,문수면,128.63054,36.772088
763,4721034000,경상북도,영주시,장수면,128.578688,36.774708
764,4721035000,경상북도,영주시,안정면,128.55667,36.845929
765,4721036000,경상북도,영주시,봉현면,128.525013,36.861424
766,4721037000,경상북도,영주시,순흥면,128.574906,36.915791
767,4721038000,경상북도,영주시,단산면,128.619487,36.951301
768,4721039000,경상북도,영주시,부석면,128.654152,36.978872
769,4723025000,경상북도,영천시,금호읍,128.877622,35.933344
770,4723031000,경상북도,영천시,청통면,128.822977,35.992144
771,4723032000,경상북도,영천시,신녕면,128.789779,36.045328
772,4723033000,경상북도,영천시,화산면,128.852338,36.020417
773,4723034000,경상북도,영천시,화북면,128.919377,36.108289
774,4723035000,경상북도,영천시,화남면,128.889047,36.059092
775,4723036000,경상북도,영천시,자양면,129.018341,36.078429
776,4723037000,경상북도,영천시,임고면,128.973938,36.021092
777,4723038000,경상북도,영천시,고경면,129.04585,36.001592
778,4723039000,경상북도,영천시,북안면,129.009137,35.915332
779,4723040000,경상북도,영천시,대창면,128.89464,35.876065
780,4725025000,경상북도,상주시,함창읍,128.179438,36.570192
781,4725031000,경상북도,상주시,중동면,128.271538,36.426326
782,4725032500,경상북도,상주시,사벌국면,128.208587,36.466368
783,4725033000,경상북도,상주시,낙동면,128.248125,36.374982
784,4725034000,경상북도,상주시,청리면,128.130563,36.338624
785,4725035000,경상북도,상주시,공성면,128.092475,36.283428
786,4725036000,경상북도,상주시,외남면,128.089413,36.35744
787,4725037000,경상북도,상주시,내서면,128.067499,36.412276
788,4725038000,경상북도,상주시,모동면,127.959409,36.320146
789,4725039000,경상북도,상주시,모서면,127.96005,36.342465
790,4725040000,경상북도,상주시,화동면,127.954175,36.389532
791,4725041000,경상북도,상주시,화서면,127.951397,36.445436
792,4725042000,경상북도,상주시,화북면,127.917209,36.563257
793,4725043000,경상북도,상주시,외서면,128.108138,36.479326
794,4725044000,경상북도,상주시,은척면,128.071513,36.531725
795,4725045000,경상북도,상주시,공검면,128.158638,36.51215
796,4725046000,경상북도,상주시,이안면,128.1455,36.579433
797,4725047000,경상북도,상주시,화남면,127.905575,36.448318
798,4728025000,경상북도,문경시,문경읍,128.107011,36.737308
799,4728025300,경상북도,문경시,가은읍,128.062066,36.642666
800,4728031000,경상북도,문경시,영순면,128.235987,36.582083
801,4728032000,경상북도,문경시,산양면,128.258675,36.611732
802,4728033000,경상북도,문경시,호계면,128.205842,36.631272
803,4728034000,경상북도,문경시,산북면,128.259413,36.656032
804,4728035000,경상북도,문경시,동로면,128.314984,36.773356
805,4728036000,경상북도,문경시,마성면,128.116675,36.692626
806,4728037000,경상북도,문경시,농암면,128.002938,36.600948
807,4729025000,경상북도,경산시,하양읍,128.81229,35.912386
808,4729025300,경상북도,경산시,진량읍,128.816213,35.87399
809,4729025600,경상북도,경산시,압량읍,128.759787,35.843301
810,4729031000,경상북도,경산시,와촌면,128.836509,35.946295
811,4729033000,경상북도,경산시,자인면,128.8226,35.820858
812,4729034000,경상북도,경산시,용성면,128.875828,35.793334
813,4729035000,경상북도,경산시,남산면,128.837325,35.793375
814,4729037000,경상북도,경산시,남천면,128.72685,35.766667
815,4773025000,경상북도,의성군,의성읍,128.694778,36.355928
816,4773031000,경상북도,의성군,단촌면,128.674316,36.422082
817,4773032000,경상북도,의성군,점곡면,128.767917,36.424101
818,4773033000,경상북도,의성군,옥산면,128.809954,36.392829
819,4773034000,경상북도,의성군,사곡면,128.787846,36.30633
820,4773035000,경상북도,의성군,춘산면,128.811709,36.237539
821,4773036000,경상북도,의성군,가음면,128.724662,36.234135
822,4773037000,경상북도,의성군,금성면,128.681038,36.261367
823,4773038000,경상북도,의성군,봉양면,128.576354,36.30076
824,4773039000,경상북도,의성군,비안면,128.490187,36.337349
825,4773040000,경상북도,의성군,구천면,128.432613,36.347407
826,4773041000,경상북도,의성군,단밀면,128.381575,36.37599
827,4773042000,경상북도,의성군,단북면,128.404775,36.387474
828,4773043000,경상북도,의성군,안계면,128.440163,36.383865
829,4773044000,경상북도,의성군,다인면,128.353838,36.45031
830,4773045000,경상북도,의성군,신평면,128.502438,36.47366
831,4773046000,경상북도,의성군,안평면,128.5842,36.37674
832,4773047000,경상북도,의성군,안사면,128.46165,36.431087
833,4775025000,경상북도,청송군,청송읍,129.057606,36.427995
834,4775031500,경상북도,청송군,주왕산면,129.15935,36.356882
835,4775032000,경상북도,청송군,부남면,129.063312,36.344624
836,4775033000,경상북도,청송군,현동면,129.016838,36.290667
837,4775034000,경상북도,청송군,현서면,128.895937,36.275877
838,4775035000,경상북도,청송군,안덕면,128.959955,36.288977
839,4775036000,경상북도,청송군,파천면,129.037813,36.463051
840,4775037000,경상북도,청송군,진보면,129.046675,36.529475
841,4776025000,경상북도,영양군,영양읍,129.1142432,36.6672436
842,4776031000,경상북도,영양군,입암면,129.0903077,36.5933035
843,4776032000,경상북도,영양군,청기면,129.062285,36.661177
844,4776033000,경상북도,영양군,일월면,129.12875,36.702413
845,4776034000,경상북도,영양군,수비면,129.202563,36.765225
846,4776035000,경상북도,영양군,석보면,129.12455,36.558083
847,4777025000,경상북도,영덕군,영덕읍,129.372653,36.409466
848,4777031000,경상북도,영덕군,강구면,129.378614,36.361843
849,4777032000,경상북도,영덕군,남정면,129.372506,36.285916
850,4777033000,경상북도,영덕군,달산면,129.303207,36.399097
851,4777034000,경상북도,영덕군,지품면,129.281825,36.448485
852,4777035000,경상북도,영덕군,축산면,129.414225,36.508992
853,4777036000,경상북도,영덕군,영해면,129.407113,36.537558
854,4777037000,경상북도,영덕군,병곡면,129.410625,36.602374
855,4777038000,경상북도,영덕군,창수면,129.3482,36.5462
856,4782025000,경상북도,청도군,화양읍,128.706138,35.649865
857,4782025300,경상북도,청도군,청도읍,128.743767,35.650666
858,4782031000,경상북도,청도군,각남면,128.658927,35.641799
859,4782032000,경상북도,청도군,풍각면,128.618369,35.638882
860,4782033000,경상북도,청도군,각북면,128.58925,35.687293
861,4782034000,경상북도,청도군,이서면,128.670537,35.663249
862,4782035000,경상북도,청도군,운문면,128.913125,35.715626
863,4782036000,경상북도,청도군,금천면,128.892417,35.687191
864,4782037000,경상북도,청도군,매전면,128.855608,35.667084
865,4783025300,경상북도,고령군,대가야읍,128.267625,35.730643
866,4783031000,경상북도,고령군,덕곡면,128.232937,35.77935
867,4783032000,경상북도,고령군,운수면,128.29045,35.769067
868,4783033000,경상북도,고령군,성산면,128.359862,35.749926
869,4783034000,경상북도,고령군,다산면,128.451672,35.822775
870,4783035000,경상북도,고령군,개진면,128.350209,35.708153
871,4783036000,경상북도,고령군,우곡면,128.342087,35.67796
872,4783037000,경상북도,고령군,쌍림면,128.242633,35.679892
873,4784025000,경상북도,성주군,성주읍,128.289288,35.91896
874,4784031000,경상북도,성주군,선남면,128.351788,35.900857
875,4784032000,경상북도,성주군,용암면,128.336856,35.836344
876,4784033000,경상북도,성주군,수륜면,128.192388,35.832983
877,4784034000,경상북도,성주군,가천면,128.1662,35.884407
878,4784035500,경상북도,성주군,금수강산면,128.175775,35.919585
879,4784036000,경상북도,성주군,대가면,128.22876,35.910353
880,4784037000,경상북도,성주군,벽진면,128.216463,35.948525
881,4784038000,경상북도,성주군,초전면,128.263313,35.974626
882,4784039000,경상북도,성주군,월항면,128.3158,35.94561
883,4785025000,경상북도,칠곡군,왜관읍,128.39795,35.988525
884,4785025300,경상북도,칠곡군,북삼읍,128.342945,36.062925
885,4785025600,경상북도,칠곡군,석적읍,128.401055,36.066782
886,4785031000,경상북도,칠곡군,지천면,128.491039,35.956164
887,4785032000,경상북도,칠곡군,동명면,128.553453,35.984048
888,4785033000,경상북도,칠곡군,가산면,128.538909,36.085964
889,4785036000,경상북도,칠곡군,약목면,128.363738,36.03275
890,4785037000,경상북도,칠곡군,기산면,128.382786,35.986375
891,4790025000,경상북도,예천군,예천읍,128.452784,36.65686
892,4790025300,경상북도,예천군,호명읍,128.468513,36.594474
893,4790031000,경상북도,예천군,용문면,128.411013,36.690218
894,4790034000,경상북도,예천군,감천면,128.526425,36.72116
895,4790035000,경상북도,예천군,보문면,128.510921,36.665288
896,4790037000,경상북도,예천군,유천면,128.390063,36.635407
897,4790038000,경상북도,예천군,용궁면,128.277349,36.608684
898,4790039000,경상북도,예천군,개포면,128.366463,36.608407
899,4790040000,경상북도,예천군,지보면,128.39035,36.548308
900,4790041000,경상북도,예천군,풍양면,128.299004,36.510593
901,4790042000,경상북도,예천군,효자면,128.41885,36.771367
902,4790043000,경상북도,예천군,은풍면,128.443114,36.745109
903,4792025000,경상북도,봉화군,봉화읍,128.739588,36.88769
904,4792031000,경상북도,봉화군,물야면,128.735804,36.975184
905,4792032000,경상북도,봉화군,봉성면,128.81805,36.885924
906,4792033000,경상북도,봉화군,법전면,128.876933,36.910752
907,4792034000,경상북도,봉화군,춘양면,128.914875,36.935118
908,4792035000,경상북도,봉화군,소천면,129.003088,36.937701
909,4792036000,경상북도,봉화군,재산면,128.961842,36.816015
910,4792037000,경상북도,봉화군,명호면,128.899957,36.858807
911,4792038000,경상북도,봉화군,상운면,128.755175,36.833815
912,4792039000,경상북도,봉화군,석포면,129.065148,37.048662
913,4793025000,경상북도,울진군,울진읍,129.402977,36.997204
914,4793025300,경상북도,울진군,평해읍,129.441347,36.728059
915,4793031000,경상북도,울진군,북면,129.37316,37.104801
916,4793033000,경상북도,울진군,근남면,129.394463,36.962789
917,4793035000,경상북도,울진군,기성면,129.451425,36.798192
918,4793036000,경상북도,울진군,온정면,129.345338,36.724043
919,4793037000,경상북도,울진군,죽변면,129.41551,37.056203
920,4793038000,경상북도,울진군,후포면,129.439322,36.678567
921,4793039000,경상북도,울진군,금강송면,129.247175,36.935585
922,4793040000,경상북도,울진군,매화면,129.382225,36.913207
923,4794025000,경상북도,울릉군,울릉읍,130.903682,37.485001
924,4794031000,경상북도,울릉군,서면,130.838121,37.467715
925,4794032000,경상북도,울릉군,북면,130.8746,37.54075
926,4812125000,경상남도,창원시의창구,동읍,128.682513,35.284725
927,4812131000,경상남도,창원시의창구,북면,128.607038,35.347782
928,4812132000,경상남도,창원시의창구,대산면,128.708724,35.330872
929,4812531000,경상남도,창원시마산합포구,구산면,128.580887,35.119699
930,4812532000,경상남도,창원시마산합포구,진동면,128.48427,35.115843
931,4812533000,경상남도,창원시마산합포구,진북면,128.467412,35.115474
932,4812534000,경상남도,창원시마산합포구,진전면,128.418987,35.10289
933,4812725000,경상남도,창원시마산회원구,내서읍,128.507625,35.24681
934,4817025000,경상남도,진주시,문산읍,128.164238,35.169201
935,4817031000,경상남도,진주시,내동면,128.067926,35.160121
936,4817032000,경상남도,진주시,정촌면,128.102906,35.131258
937,4817033000,경상남도,진주시,금곡면,128.187862,35.09439
938,4817035000,경상남도,진주시,진성면,128.223305,35.184827
939,4817036000,경상남도,진주시,일반성면,128.277171,35.171256
940,4817037000,경상남도,진주시,이반성면,128.326326,35.169184
941,4817038000,경상남도,진주시,사봉면,128.270301,35.188797
942,4817039000,경상남도,진주시,지수면,128.269587,35.235082
943,4817040000,경상남도,진주시,대곡면,128.1694,35.264325
944,4817041000,경상남도,진주시,금산면,128.147999,35.214016
945,4817042000,경상남도,진주시,집현면,128.086367,35.239045
946,4817043000,경상남도,진주시,미천면,128.115438,35.299225
947,4817044000,경상남도,진주시,명석면,128.040353,35.219576
948,4817045000,경상남도,진주시,대평면,127.960838,35.23266
949,4817046000,경상남도,진주시,수곡면,127.93215,35.198643
950,4822025000,경상남도,통영시,산양읍,128.386272,34.803522
951,4822031000,경상남도,통영시,용남면,128.442406,34.867761
952,4822033000,경상남도,통영시,도산면,128.361862,34.903249
953,4822034000,경상남도,통영시,광도면,128.406833,34.899816
954,4822035000,경상남도,통영시,욕지면,128.263378,34.636325
955,4822036000,경상남도,통영시,한산면,128.507653,34.767164
956,4822037000,경상남도,통영시,사량면,128.22015,34.845507
957,4824025000,경상남도,사천시,사천읍,128.087673,35.087718
958,4824031000,경상남도,사천시,정동면,128.123874,35.056038
959,4824032000,경상남도,사천시,사남면,128.075173,35.052558
960,4824033000,경상남도,사천시,용현면,128.0612996,35.013473
961,4824034000,경상남도,사천시,축동면,128.088358,35.107151
962,4824035000,경상남도,사천시,곤양면,127.959625,35.057517
963,4824036000,경상남도,사천시,곤명면,127.94155,35.111974
964,4824037000,경상남도,사천시,서포면,127.977953,35.006231
965,4825025000,경상남도,김해시,진영읍,128.733216,35.304326
966,4825032000,경상남도,김해시,주촌면,128.830638,35.235826
967,4825033000,경상남도,김해시,진례면,128.74775,35.249051
968,4825034000,경상남도,김해시,한림면,128.802195,35.320594
969,4825035000,경상남도,김해시,생림면,128.849163,35.328175
970,4825036000,경상남도,김해시,상동면,128.930375,35.307717
971,4825037000,경상남도,김해시,대동면,128.980246,35.242281
972,4827025000,경상남도,밀양시,삼랑진읍,128.837656,35.395838
973,4827025300,경상남도,밀양시,하남읍,128.711042,35.37539
974,4827031000,경상남도,밀양시,부북면,128.729746,35.511209
975,4827032000,경상남도,밀양시,상동면,128.763287,35.552833
976,4827033000,경상남도,밀양시,산외면,128.814842,35.50261
977,4827034000,경상남도,밀양시,산내면,128.880858,35.584284
978,4827035000,경상남도,밀양시,단장면,128.875988,35.515233
979,4827036000,경상남도,밀양시,상남면,128.753486,35.448391
980,4827037000,경상남도,밀양시,초동면,128.672914,35.421644
981,4827038000,경상남도,밀양시,무안면,128.651914,35.473143
982,4827039000,경상남도,밀양시,청도면,128.62445,35.548908
983,4831031000,경상남도,거제시,일운면,128.703195,34.829745
984,4831032000,경상남도,거제시,동부면,128.608181,34.821592
985,4831033000,경상남도,거제시,남부면,128.610146,34.73217
986,4831034000,경상남도,거제시,거제면,128.5904,34.851057
987,4831035000,경상남도,거제시,둔덕면,128.505101,34.836907
988,4831036000,경상남도,거제시,사등면,128.5223,34.918943
989,4831037000,경상남도,거제시,연초면,128.656435,34.914545
990,4831038000,경상남도,거제시,하청면,128.655213,34.95539
991,4831039000,경상남도,거제시,장목면,128.68223,34.986561
992,4833025300,경상남도,양산시,물금읍,128.98725,35.31046
993,4833031000,경상남도,양산시,동면,129.061886,35.323485
994,4833032000,경상남도,양산시,원동면,128.918772,35.364757
995,4833033000,경상남도,양산시,상북면,129.06435,35.418326
996,4833034000,경상남도,양산시,하북면,129.086966,35.489284
997,4872025000,경상남도,의령군,의령읍,128.260382,35.32114
998,4872031000,경상남도,의령군,가례면,128.245275,35.326694
999,4872032000,경상남도,의령군,칠곡면,128.192654,35.341433
1000,4872033000,경상남도,의령군,대의면,128.108318,35.371898
1001,4872034000,경상남도,의령군,화정면,128.210804,35.277742
1002,4872035000,경상남도,의령군,용덕면,128.291172,35.348209
1003,4872036000,경상남도,의령군,정곡면,128.326278,35.380524
1004,4872037000,경상남도,의령군,지정면,128.385985,35.382575
1005,4872038000,경상남도,의령군,낙서면,128.37722,35.484163
1006,4872039000,경상남도,의령군,부림면,128.324538,35.466398
1007,4872040000,경상남도,의령군,봉수면,128.26626,35.47232
1008,4872041500,경상남도,의령군,궁류면,128.248971,35.447299
1009,4872042000,경상남도,의령군,유곡면,128.31364,35.433252
1010,4873025000,경상남도,함안군,가야읍,128.408136,35.272305
1011,4873025300,경상남도,함안군,칠원읍,128.5185,35.308842
1012,4873031000,경상남도,함안군,함안면,128.423748,35.242067
1013,4873032000,경상남도,함안군,군북면,128.345058,35.261625
1014,4873033000,경상남도,함안군,법수면,128.35542,35.315456
1015,4873034000,경상남도,함안군,대산면,128.431557,35.350179
1016,4873035000,경상남도,함안군,칠서면,128.497938,35.333601
1017,4873036000,경상남도,함안군,칠북면,128.521673,35.346739
1018,4873038000,경상남도,함안군,산인면,128.424347,35.279262
1019,4873039000,경상남도,함안군,여항면,128.434485,35.210213
1020,4874025000,경상남도,창녕군,창녕읍,128.500761,35.54127
1021,4874025300,경상남도,창녕군,남지읍,128.477189,35.389089
1022,4874031000,경상남도,창녕군,고암면,128.511005,35.576395
1023,4874032000,경상남도,창녕군,성산면,128.493981,35.628739
1024,4874033000,경상남도,창녕군,대합면,128.472093,35.613697
1025,4874034000,경상남도,창녕군,이방면,128.387842,35.577151
1026,4874035000,경상남도,창녕군,유어면,128.411129,35.508102
1027,4874036000,경상남도,창녕군,대지면,128.467941,35.555637
1028,4874037000,경상남도,창녕군,계성면,128.512945,35.468844
1029,4874038000,경상남도,창녕군,영산면,128.52787,35.453645
1030,4874039000,경상남도,창녕군,장마면,128.47295,35.458185
1031,4874040000,경상남도,창녕군,도천면,128.518038,35.435134
1032,4874041000,경상남도,창녕군,길곡면,128.568982,35.387025
1033,4874042000,경상남도,창녕군,부곡면,128.602921,35.434894
1034,4882025000,경상남도,고성군,고성읍,128.319221,34.978093
1035,4882031000,경상남도,고성군,삼산면,128.273807,34.936893
1036,4882032000,경상남도,고성군,하일면,128.19244,34.943483
1037,4882033000,경상남도,고성군,하이면,128.122863,34.928706
1038,4882034000,경상남도,고성군,상리면,128.186401,34.9998
1039,4882035000,경상남도,고성군,대가면,128.298565,35.017525
1040,4882036000,경상남도,고성군,영현면,128.205561,35.054068
1041,4882037000,경상남도,고성군,영오면,128.237663,35.107832
1042,4882038000,경상남도,고성군,개천면,128.258924,35.098787
1043,4882039000,경상남도,고성군,구만면,128.335,35.088015
1044,4882040000,경상남도,고성군,회화면,128.373259,35.060302
1045,4882041000,경상남도,고성군,마암면,128.336598,35.055187
1046,4882042000,경상남도,고성군,동해면,128.421075,35.041467
1047,4882043000,경상남도,고성군,거류면,128.404281,34.991822
1048,4884025000,경상남도,남해군,남해읍,127.89367,34.838513
1049,4884031000,경상남도,남해군,이동면,127.954703,34.799427
1050,4884032000,경상남도,남해군,상주면,127.98539,34.723824
1051,4884033000,경상남도,남해군,삼동면,128.000954,34.830956
1052,4884034000,경상남도,남해군,미조면,128.046034,34.712025
1053,4884035000,경상남도,남해군,남면,127.886748,34.771521
1054,4884036000,경상남도,남해군,서면,127.838201,34.81004
1055,4884037000,경상남도,남해군,고현면,127.874296,34.895616
1056,4884038000,경상남도,남해군,설천면,127.913966,34.924872
1057,4884039000,경상남도,남해군,창선면,128.012088,34.857815
1058,4885025000,경상남도,하동군,하동읍,127.745263,35.072108
1059,4885031000,경상남도,하동군,화개면,127.627038,35.193861
1060,4885032000,경상남도,하동군,악양면,127.708917,35.162348
1061,4885033000,경상남도,하동군,적량면,127.776862,35.0832
1062,4885034000,경상남도,하동군,횡천면,127.81395,35.109757
1063,4885035000,경상남도,하동군,고전면,127.817288,35.022108
1064,4885036000,경상남도,하동군,금남면,127.859088,34.950526
1065,4885037000,경상남도,하동군,진교면,127.90084,35.030457
1066,4885038000,경상남도,하동군,양보면,127.845719,35.047313
1067,4885039000,경상남도,하동군,북천면,127.892775,35.11469
1068,4885040000,경상남도,하동군,청암면,127.799534,35.15643
1069,4885041000,경상남도,하동군,옥종면,127.8795,35.182968
1070,4885042000,경상남도,하동군,금성면,127.790225,34.963776
1071,4886025000,경상남도,산청군,산청읍,127.877438,35.413399
1072,4886031000,경상남도,산청군,차황면,127.927793,35.463703
1073,4886032000,경상남도,산청군,오부면,127.861945,35.458707
1074,4886033000,경상남도,산청군,생초면,127.832925,35.493176
1075,4886034000,경상남도,산청군,금서면,127.863208,35.417179
1076,4886035000,경상남도,산청군,삼장면,127.831738,35.298267
1077,4886036000,경상남도,산청군,시천면,127.840576,35.278427
1078,4886037000,경상남도,산청군,단성면,127.957663,35.298892
1079,4886038000,경상남도,산청군,신안면,127.973432,35.303456
1080,4886039000,경상남도,산청군,생비량면,128.045143,35.344872
1081,4886040000,경상남도,산청군,신등면,128.006612,35.382824
1082,4887025000,경상남도,함양군,함양읍,127.726675,35.519725
1083,4887031000,경상남도,함양군,마천면,127.663088,35.396949
1084,4887032000,경상남도,함양군,휴천면,127.750225,35.480668
1085,4887033000,경상남도,함양군,유림면,127.792336,35.466228
1086,4887034000,경상남도,함양군,수동면,127.787725,35.522167
1087,4887035000,경상남도,함양군,지곡면,127.774135,35.566197
1088,4887036000,경상남도,함양군,안의면,127.811275,35.628674
1089,4887037000,경상남도,함양군,서하면,127.695479,35.647626
1090,4887038000,경상남도,함양군,서상면,127.687953,35.679334
1091,4887039000,경상남도,함양군,백전면,127.635375,35.553215
1092,4887040000,경상남도,함양군,병곡면,127.682125,35.528458
1093,4888025000,경상남도,거창군,거창읍,127.9039,35.687943
1094,4888031000,경상남도,거창군,주상면,127.913307,35.749147
1095,4888032000,경상남도,거창군,웅양면,127.917768,35.805407
1096,4888033000,경상남도,거창군,고제면,127.8714,35.814825
1097,4888034000,경상남도,거창군,북상면,127.818676,35.777557
1098,4888035000,경상남도,거창군,위천면,127.833102,35.749629
1099,4888036000,경상남도,거창군,마리면,127.854576,35.70123
1100,4888037000,경상남도,거창군,남상면,127.910123,35.643244
1101,4888038000,경상남도,거창군,남하면,127.943645,35.667764
1102,4888039000,경상남도,거창군,신원면,127.925189,35.567773
1103,4888040000,경상남도,거창군,가조면,128.0147,35.711001
1104,4888041000,경상남도,거창군,가북면,127.993224,35.762781
1105,4889025000,경상남도,합천군,합천읍,128.157864,35.565973
1106,4889031000,경상남도,합천군,봉산면,128.041781,35.626225
1107,4889032000,경상남도,합천군,묘산면,128.113316,35.65848
1108,4889033000,경상남도,합천군,가야면,128.139463,35.762683
1109,4889034000,경상남도,합천군,야로면,128.167737,35.705251
1110,4889035000,경상남도,합천군,율곡면,128.217946,35.572458
1111,4889036000,경상남도,합천군,초계면,128.265288,35.560008
1112,4889037000,경상남도,합천군,쌍책면,128.282239,35.575932
1113,4889038000,경상남도,합천군,덕곡면,128.35903,35.615124
1114,4889039000,경상남도,합천군,청덕면,128.321752,35.559354
1115,4889040000,경상남도,합천군,적중면,128.278562,35.547575
1116,4889041000,경상남도,합천군,대양면,128.174501,35.516565
1117,4889042000,경상남도,합천군,쌍백면,128.145475,35.441626
1118,4889043000,경상남도,합천군,삼가면,128.12185,35.41444
1119,4889044000,경상남도,합천군,가회면,128.033654,35.435163
1120,4889045000,경상남도,합천군,대병면,128.014254,35.521201
1121,4889046000,경상남도,합천군,용주면,128.113319,35.540675
1122,5011025000,제주특별자치도,제주시,한림읍,126.26667,33.410639
1123,5011025300,제주특별자치도,제주시,애월읍,126.329235,33.462046
1124,5011025600,제주특별자치도,제주시,구좌읍,126.852037,33.522567
1125,5011025900,제주특별자치도,제주시,조천읍,126.634188,33.5344
1126,5011031000,제주특별자치도,제주시,한경면,126.18404,33.350163
1127,5011032000,제주특별자치도,제주시,추자면,126.296067,33.963674
1128,5011033000,제주특별자치도,제주시,우도면,126.953051,33.506483
1129,5013025000,제주특별자치도,서귀포시,대정읍,126.252316,33.226764
1130,5013025300,제주특별자치도,서귀포시,남원읍,126.720714,33.27991
1131,5013025900,제주특별자치도,서귀포시,성산읍,126.904602,33.466775
1132,5013031000,제주특별자치도,서귀포시,안덕면,126.330573,33.257625
1133,5013032000,제주특별자치도,서귀포시,표선면,126.830994,33.32672
1134,5111025000,강원특별자치도,춘천시,신북읍,127.746225,37.92589
1135,5111031000,강원특별자치도,춘천시,동면,127.781058,37.910276
1136,5111032000,강원특별자치도,춘천시,동산면,127.796237,37.752312
1137,5111033000,강원특별자치도,춘천시,신동면,127.716039,37.817723
1138,5111034000,강원특별자치도,춘천시,남면,127.599776,37.732165
1139,5111035000,강원특별자치도,춘천시,서면,127.692832,37.898699
1140,5111036000,강원특별자치도,춘천시,사북면,127.640738,38.029908
1141,5111038000,강원특별자치도,춘천시,북산면,127.886046,37.987293
1142,5111039000,강원특별자치도,춘천시,동내면,127.761112,37.847865
1143,5111040000,강원특별자치도,춘천시,남산면,127.646125,37.791845
1144,5113025000,강원특별자치도,원주시,문막읍,127.817213,37.312583
1145,5113031000,강원특별자치도,원주시,소초면,128.002388,37.41796
1146,5113032000,강원특별자치도,원주시,호저면,127.925675,37.411007
1147,5113033000,강원특별자치도,원주시,지정면,127.840191,37.362182
1148,5113035000,강원특별자치도,원주시,부론면,127.750515,37.207659
1149,5113036000,강원특별자치도,원주시,귀래면,127.884813,37.170068
1150,5113037000,강원특별자치도,원주시,흥업면,127.921177,37.302613
1151,5113038000,강원특별자치도,원주시,판부면,127.989628,37.281252
1152,5113039000,강원특별자치도,원주시,신림면,128.079475,37.230718
1153,5115025000,강원특별자치도,강릉시,주문진읍,128.823388,37.894064
1154,5115031000,강원특별자치도,강릉시,성산면,128.83205,37.718711
1155,5115032000,강원특별자치도,강릉시,왕산면,128.837889,37.67272
1156,5115033000,강원특별자치도,강릉시,구정면,128.880008,37.718329
1157,5115034000,강원특별자치도,강릉시,강동면,128.954213,37.728086
1158,5115035000,강원특별자치도,강릉시,옥계면,129.0379,37.612607
1159,5115036000,강원특별자치도,강릉시,사천면,128.848713,37.823517
1160,5115037000,강원특별자치도,강릉시,연곡면,128.8369,37.86014
1161,5123025000,강원특별자치도,삼척시,도계읍,129.045269,37.236635
1162,5123025300,강원특별자치도,삼척시,원덕읍,129.3357,37.176468
1163,5123031000,강원특별자치도,삼척시,근덕면,129.225763,37.379307
1164,5123032000,강원특별자치도,삼척시,하장면,128.943038,37.349457
1165,5123033000,강원특별자치도,삼척시,노곡면,129.164051,37.347818
1166,5123034000,강원특별자치도,삼척시,미로면,129.11247,37.417587
1167,5123035000,강원특별자치도,삼척시,가곡면,129.205182,37.149763
1168,5123036000,강원특별자치도,삼척시,신기면,129.083175,37.349609
1169,5172025000,강원특별자치도,홍천군,홍천읍,127.884263,37.689335
1170,5172031000,강원특별자치도,홍천군,화촌면,127.966925,37.770958
1171,5172032000,강원특별자치도,홍천군,두촌면,128.018952,37.868691
1172,5172033000,강원특별자치도,홍천군,내촌면,128.086746,37.816264
1173,5172034000,강원특별자치도,홍천군,서석면,128.186153,37.713607
1174,5172035200,강원특별자치도,홍천군,영귀미면,127.934984,37.678074
1175,5172036000,강원특별자치도,홍천군,남면,127.767677,37.618109
1176,5172037000,강원특별자치도,홍천군,서면,127.664098,37.688581
1177,5172038000,강원특별자치도,홍천군,북방면,127.853112,37.705576
1178,5172039000,강원특별자치도,홍천군,내면,128.389714,37.77385
1179,5173025000,강원특별자치도,횡성군,횡성읍,127.992601,37.492351
1180,5173031000,강원특별자치도,횡성군,우천면,128.06235,37.459443
1181,5173032000,강원특별자치도,횡성군,안흥면,128.156058,37.412478
1182,5173033000,강원특별자치도,횡성군,둔내면,128.218813,37.512233
1183,5173034000,강원특별자치도,횡성군,갑천면,128.110212,37.560967
1184,5173035000,강원특별자치도,횡성군,청일면,128.150266,37.583899
1185,5173036000,강원특별자치도,횡성군,공근면,127.961752,37.536491
1186,5173037000,강원특별자치도,횡성군,서원면,127.850463,37.487076
1187,5173038000,강원특별자치도,횡성군,강림면,128.1254,37.36024
1188,5175025000,강원특별자치도,영월군,영월읍,128.4661,37.187443
1189,5175025300,강원특별자치도,영월군,상동읍,128.826788,37.12702
1190,5175031200,강원특별자치도,영월군,산솔면,128.680242,37.145168
1191,5175032500,강원특별자치도,영월군,김삿갓면,128.570112,37.125632
1192,5175033000,강원특별자치도,영월군,북면,128.455125,37.254517
1193,5175034000,강원특별자치도,영월군,남면,128.404491,37.186612
1194,5175035500,강원특별자치도,영월군,한반도면,128.328387,37.236793
1195,5175036000,강원특별자치도,영월군,주천면,128.268973,37.27224
1196,5175038000,강원특별자치도,영월군,무릉도원면,128.268592,37.288327
1197,5176025000,강원특별자치도,평창군,평창읍,128.400567,37.367766
1198,5176031000,강원특별자치도,평창군,미탄면,128.49575,37.342124
1199,5176032000,강원특별자치도,평창군,방림면,128.394264,37.426439
1200,5176033000,강원특별자치도,평창군,대화면,128.458025,37.500942
1201,5176034000,강원특별자치도,평창군,봉평면,128.379462,37.616174
1202,5176035000,강원특별자치도,평창군,용평면,128.440179,37.606691
1203,5176036000,강원특별자치도,평창군,진부면,128.553141,37.637422
1204,5176038000,강원특별자치도,평창군,대관령면,128.706096,37.673628
1205,5177025000,강원특별자치도,정선군,정선읍,128.661652,37.379774
1206,5177025300,강원특별자치도,정선군,고한읍,128.851626,37.204308
1207,5177025600,강원특별자치도,정선군,사북읍,128.821788,37.227743
1208,5177025900,강원특별자치도,정선군,신동읍,128.642071,37.212202
1209,5177032000,강원특별자치도,정선군,남면,128.740588,37.268808
1210,5177034000,강원특별자치도,정선군,북평면,128.670474,37.448883
1211,5177035000,강원특별자치도,정선군,임계면,128.852066,37.494777
1212,5177036000,강원특별자치도,정선군,화암면,128.787813,37.340182
1213,5177037000,강원특별자치도,정선군,여량면,128.720552,37.470686
1214,5178025000,강원특별자치도,철원군,철원읍,127.214259,38.216041
1215,5178025300,강원특별자치도,철원군,김화읍,127.421284,38.249708
1216,5178025600,강원특별자치도,철원군,갈말읍,127.308307,38.147699
1217,5178025900,강원특별자치도,철원군,동송읍,127.20815,38.207143
1218,5178031000,강원특별자치도,철원군,서면,127.415727,38.164667
1219,5178032000,강원특별자치도,철원군,근남면,127.471032,38.237092
1220,5178033000,강원특별자치도,철원군,근북면,127.41247,38.321725
1221,5178034000,강원특별자치도,철원군,근동면,127.552269,38.304755
1222,5178035000,강원특별자치도,철원군,원동면,127.751993,38.312854
1223,5178036000,강원특별자치도,철원군,원남면,127.644847,38.294245
1224,5178037000,강원특별자치도,철원군,임남면,127.845808,38.308024
1225,5179025000,강원특별자치도,화천군,화천읍,127.704876,38.108869
1226,5179031000,강원특별자치도,화천군,간동면,127.7899,38.055292
1227,5179032000,강원특별자치도,화천군,하남면,127.668224,38.057752
1228,5179033000,강원특별자치도,화천군,상서면,127.654211,38.157815
1229,5179034000,강원특별자치도,화천군,사내면,127.523438,38.070158
1230,5180025000,강원특별자치도,양구군,양구읍,127.990602,38.10803
1231,5180031500,강원특별자치도,양구군,국토정중앙면,128.034532,38.108467
1232,5180032000,강원특별자치도,양구군,동면,128.043498,38.202327
1233,5180033000,강원특별자치도,양구군,방산면,127.949418,38.209011
1234,5180034000,강원특별자치도,양구군,해안면,128.137164,38.28519
1235,5181025000,강원특별자치도,인제군,인제읍,128.172188,38.070392
1236,5181031000,강원특별자치도,인제군,남면,128.083362,37.965968
1237,5181032000,강원특별자치도,인제군,북면,128.204138,38.124674
1238,5181033000,강원특별자치도,인제군,기린면,128.319175,37.955601
1239,5181034000,강원특별자치도,인제군,서화면,128.208513,38.218376
1240,5181035000,강원특별자치도,인제군,상남면,128.259965,37.874141
1241,5182025000,강원특별자치도,고성군,간성읍,128.467002,38.378381
1242,5182025300,강원특별자치도,고성군,거진읍,128.452863,38.436282
1243,5182031000,강원특별자치도,고성군,현내면,128.427624,38.494433
1244,5182032000,강원특별자치도,고성군,죽왕면,128.525509,38.328866
1245,5182033000,강원특별자치도,고성군,토성면,128.556878,38.260828
1246,5182034000,강원특별자치도,고성군,수동면,128.309319,38.446235
1247,5183025000,강원특별자치도,양양군,양양읍,128.624,38.080658
1248,5183031000,강원특별자치도,양양군,서면,128.585367,38.071475
1249,5183032000,강원특별자치도,양양군,손양면,128.6411,38.060533
1250,5183033000,강원특별자치도,양양군,현북면,128.723115,38.018954
1251,5183034000,강원특별자치도,양양군,현남면,128.759488,37.969226
1252,5183035000,강원특별자치도,양양군,강현면,128.607587,38.14994
1253,5213025000,전북특별자치도,군산시,옥구읍,126.685236,35.923182
1254,5213031000,전북특별자치도,군산시,옥산면,126.748404,35.939468
1255,5213032000,전북특별자치도,군산시,회현면,126.7569886,35.9130683
1256,5213033000,전북특별자치도,군산시,임피면,126.850537,35.982548
1257,5213034000,전북특별자치도,군산시,서수면,126.875889,35.983368
1258,5213035000,전북특별자치도,군산시,대야면,126.811599,35.946755
1259,5213036000,전북특별자치도,군산시,개정면,126.796439,35.95839
1260,5213037000,전북특별자치도,군산시,성산면,126.786,35.989636
1261,5213038000,전북특별자치도,군산시,나포면,126.832005,36.03046
1262,5213039000,전북특별자치도,군산시,옥도면,126.466904,35.814606
1263,5213040000,전북특별자치도,군산시,옥서면,126.6432973,35.9235812
1264,5214025000,전북특별자치도,익산시,함열읍,126.96626,36.078257
1265,5214031000,전북특별자치도,익산시,오산면,126.91629,35.938677
1266,5214032000,전북특별자치도,익산시,황등면,126.944992,36.004446
1267,5214033000,전북특별자치도,익산시,함라면,126.910375,36.060058
1268,5214034000,전북특별자치도,익산시,웅포면,126.876873,36.064435
1269,5214035000,전북특별자치도,익산시,성당면,126.934973,36.088277
1270,5214036000,전북특별자치도,익산시,용안면,126.952275,36.12004
1271,5214037000,전북특별자치도,익산시,낭산면,127.009858,36.078076
1272,5214038000,전북특별자치도,익산시,망성면,127.020645,36.132554
1273,5214039000,전북특별자치도,익산시,여산면,127.086015,36.058687
1274,5214040000,전북특별자치도,익산시,금마면,127.052945,35.993045
1275,5214041000,전북특별자치도,익산시,왕궁면,127.087806,35.966401
1276,5214042000,전북특별자치도,익산시,춘포면,127.005275,35.901032
1277,5214043000,전북특별자치도,익산시,삼기면,126.984063,36.020348
1278,5214044000,전북특별자치도,익산시,용동면,126.993007,36.109912
1279,5218025000,전북특별자치도,정읍시,신태인읍,126.886701,35.687771
1280,5218031000,전북특별자치도,정읍시,북면,126.892242,35.609225
1281,5218032000,전북특별자치도,정읍시,입암면,126.793232,35.503791
1282,5218033000,전북특별자치도,정읍시,소성면,126.783198,35.556893
1283,5218034000,전북특별자치도,정읍시,고부면,126.771725,35.61859
1284,5218035000,전북특별자치도,정읍시,영원면,126.785313,35.655157
1285,5218036000,전북특별자치도,정읍시,덕천면,126.842613,35.618624
1286,5218037000,전북특별자치도,정읍시,이평면,126.838175,35.66504
1287,5218038000,전북특별자치도,정읍시,정우면,126.875919,35.644819
1288,5218039000,전북특별자치도,정읍시,태인면,126.932513,35.650665
1289,5218040000,전북특별자치도,정읍시,감곡면,126.928441,35.71494
1290,5218041000,전북특별자치도,정읍시,옹동면,126.974545,35.643495
1291,5218042000,전북특별자치도,정읍시,칠보면,126.993536,35.602559
1292,5218043000,전북특별자치도,정읍시,산내면,127.03022,35.568228
1293,5218044000,전북특별자치도,정읍시,산외면,127.042105,35.621489
1294,5219025000,전북특별자치도,남원시,운봉읍,127.528888,35.43981
1295,5219031000,전북특별자치도,남원시,주천면,127.441863,35.390874
1296,5219032000,전북특별자치도,남원시,수지면,127.371512,35.339307
1297,5219033000,전북특별자치도,남원시,송동면,127.337125,35.354749
1298,5219034000,전북특별자치도,남원시,주생면,127.32155,35.378815
1299,5219035000,전북특별자치도,남원시,금지면,127.303838,35.357599
1300,5219036000,전북특별자치도,남원시,대강면,127.227805,35.347328
1301,5219037000,전북특별자치도,남원시,대산면,127.325188,35.432118
1302,5219038000,전북특별자치도,남원시,사매면,127.360525,35.498543
1303,5219039000,전북특별자치도,남원시,덕과면,127.352054,35.51714
1304,5219040000,전북특별자치도,남원시,보절면,127.402393,35.513159
1305,5219041000,전북특별자치도,남원시,산동면,127.476166,35.492685
1306,5219042000,전북특별자치도,남원시,이백면,127.457863,35.426876
1307,5219045000,전북특별자치도,남원시,아영면,127.612911,35.508686
1308,5219046000,전북특별자치도,남원시,산내면,127.623238,35.419201
1309,5219047000,전북특별자치도,남원시,인월면,127.600253,35.46447
1310,5221025000,전북특별자치도,김제시,만경읍,126.819988,35.854365
1311,5221032000,전북특별자치도,김제시,죽산면,126.813848,35.7724
1312,5221033000,전북특별자치도,김제시,백산면,126.892151,35.828274
1313,5221034000,전북특별자치도,김제시,용지면,126.955073,35.85395
1314,5221035000,전북특별자치도,김제시,백구면,126.967615,35.890794
1315,5221036000,전북특별자치도,김제시,부량면,126.843939,35.733953
1316,5221038000,전북특별자치도,김제시,공덕면,126.912898,35.892372
1317,5221039000,전북특별자치도,김제시,청하면,126.840675,35.903424
1318,5221040000,전북특별자치도,김제시,성덕면,126.80589,35.820532
1319,5221041000,전북특별자치도,김제시,진봉면,126.766082,35.858922
1320,5221042000,전북특별자치도,김제시,금구면,127.011318,35.774409
1321,5221043000,전북특별자치도,김제시,봉남면,126.962324,35.753541
1322,5221044000,전북특별자치도,김제시,황산면,126.94236,35.794549
1323,5221045000,전북특별자치도,김제시,금산면,126.996169,35.716564
1324,5221046000,전북특별자치도,김제시,광활면,126.741916,35.833824
1325,5271025000,전북특별자치도,완주군,삼례읍,127.077957,35.913192
1326,5271025300,전북특별자치도,완주군,봉동읍,127.165875,35.941715
1327,5271025600,전북특별자치도,완주군,용진읍,127.156789,35.883603
1328,5271032000,전북특별자치도,완주군,상관면,127.206887,35.771676
1329,5271033000,전북특별자치도,완주군,이서면,127.022574,35.820702
1330,5271034000,전북특별자치도,완주군,소양면,127.226034,35.853978
1331,5271035000,전북특별자치도,완주군,구이면,127.120738,35.731901
1332,5271036000,전북특별자치도,완주군,고산면,127.205254,35.976535
1333,5271037000,전북특별자치도,완주군,비봉면,127.140067,35.995921
1334,5271038000,전북특별자치도,완주군,운주면,127.277396,36.092469
1335,5271039000,전북특별자치도,완주군,화산면,127.20348,36.035689
1336,5271040000,전북특별자치도,완주군,동상면,127.29675,35.936885
1337,5271041000,전북특별자치도,완주군,경천면,127.252625,36.0226
1338,5272025000,전북특별자치도,진안군,진안읍,127.423233,35.78932
1339,5272031000,전북특별자치도,진안군,용담면,127.520013,35.966643
1340,5272032000,전북특별자치도,진안군,안천면,127.552886,35.897237
1341,5272033000,전북특별자치도,진안군,동향면,127.567923,35.838164
1342,5272034000,전북특별자치도,진안군,상전면,127.487146,35.822985
1343,5272035000,전북특별자치도,진안군,백운면,127.396086,35.689409
1344,5272036000,전북특별자치도,진안군,성수면,127.323311,35.708569
1345,5272037000,전북특별자치도,진안군,마령면,127.370745,35.734527
1346,5272038000,전북특별자치도,진안군,부귀면,127.36038,35.837327
1347,5272039000,전북특별자치도,진안군,정천면,127.4286,35.87319
1348,5272040000,전북특별자치도,진안군,주천면,127.425464,35.97533
1349,5273025000,전북특별자치도,무주군,무주읍,127.662238,36.008792
1350,5273031000,전북특별자치도,무주군,무풍면,127.844558,35.969961
1351,5273032000,전북특별자치도,무주군,설천면,127.789713,36.008204
1352,5273033000,전북특별자치도,무주군,적상면,127.659375,35.945578
1353,5273034000,전북특별자치도,무주군,안성면,127.653087,35.863449
1354,5273035000,전북특별자치도,무주군,부남면,127.558702,35.973842
1355,5274025000,전북특별자치도,장수군,장수읍,127.51964,35.654275
1356,5274031000,전북특별자치도,장수군,산서면,127.396285,35.58404
1357,5274032000,전북특별자치도,장수군,번암면,127.54385,35.532008
1358,5274033500,전북특별자치도,장수군,장계면,127.588888,35.731926
1359,5274034000,전북특별자치도,장수군,천천면,127.532325,35.733468
1360,5274035000,전북특별자치도,장수군,계남면,127.577713,35.70296
1361,5274036000,전북특별자치도,장수군,계북면,127.612497,35.785504
1362,5275025000,전북특별자치도,임실군,임실읍,127.279265,35.613501
1363,5275031000,전북특별자치도,임실군,청웅면,127.20124,35.569797
1364,5275032000,전북특별자치도,임실군,운암면,127.160601,35.660562
1365,5275033000,전북특별자치도,임실군,신평면,127.223962,35.657127
1366,5275034000,전북특별자치도,임실군,성수면,127.333144,35.629935
1367,5275035500,전북특별자치도,임실군,오수면,127.328312,35.536759
1368,5275036000,전북특별자치도,임실군,신덕면,127.178331,35.684022
1369,5275037000,전북특별자치도,임실군,삼계면,127.274379,35.507662
1370,5275038000,전북특별자치도,임실군,관촌면,127.27077,35.673859
1371,5275039000,전북특별자치도,임실군,강진면,127.163519,35.530363
1372,5275040000,전북특별자치도,임실군,덕치면,127.157188,35.510115
1373,5275041000,전북특별자치도,임실군,지사면,127.357603,35.564001
1374,5277025000,전북특별자치도,순창군,순창읍,127.147026,35.37699
1375,5277031000,전북특별자치도,순창군,인계면,127.141275,35.411915
1376,5277032000,전북특별자치도,순창군,동계면,127.24272,35.441323
1377,5277033000,전북특별자치도,순창군,풍산면,127.138519,35.336768
1378,5277034000,전북특별자치도,순창군,금과면,127.086432,35.339598
1379,5277035000,전북특별자치도,순창군,팔덕면,127.097094,35.391576
1380,5277036000,전북특별자치도,순창군,쌍치면,127.001363,35.500575
1381,5277037000,전북특별자치도,순창군,복흥면,126.929738,35.43216
1382,5277038000,전북특별자치도,순창군,적성면,127.208563,35.397524
1383,5277039000,전북특별자치도,순창군,유등면,127.187463,35.361332
1384,5277040000,전북특별자치도,순창군,구림면,127.102338,35.45296
1385,5279025000,전북특별자치도,고창군,고창읍,126.703018,35.434461
1386,5279031000,전북특별자치도,고창군,고수면,126.678595,35.409934
1387,5279032000,전북특별자치도,고창군,아산면,126.634759,35.439805
1388,5279033000,전북특별자치도,고창군,무장면,126.560712,35.419226
1389,5279034000,전북특별자치도,고창군,공음면,126.51137,35.377882
1390,5279035000,전북특별자치도,고창군,상하면,126.4952,35.444526
1391,5279036000,전북특별자치도,고창군,해리면,126.539095,35.460976
1392,5279037000,전북특별자치도,고창군,성송면,126.646672,35.364442
1393,5279038000,전북특별자치도,고창군,대산면,126.603413,35.341074
1394,5279039000,전북특별자치도,고창군,심원면,126.551087,35.524317
1395,5279040000,전북특별자치도,고창군,흥덕면,126.703638,35.517775
1396,5279041000,전북특별자치도,고창군,성내면,126.743338,35.538025
1397,5279042000,전북특별자치도,고창군,신림면,126.712125,35.489068
1398,5279043000,전북특별자치도,고창군,부안면,126.674088,35.514183
1399,5280025000,전북특별자치도,부안군,부안읍,126.736814,35.729625
1400,5280031000,전북특별자치도,부안군,주산면,126.711052,35.671922
1401,5280032000,전북특별자치도,부안군,동진면,126.738793,35.749694
1402,5280033000,전북특별자치도,부안군,행안면,126.723898,35.726224
1403,5280034000,전북특별자치도,부안군,계화면,126.698025,35.761717
1404,5280035000,전북특별자치도,부안군,보안면,126.6713,35.612127
1405,5280036000,전북특별자치도,부안군,변산면,126.528463,35.663532
1406,5280037000,전북특별자치도,부안군,진서면,126.605425,35.587657
1407,5280038000,전북특별자치도,부안군,백산면,126.786542,35.70393
1408,5280039000,전북특별자치도,부안군,상서면,126.678012,35.68641
1409,5280040000,전북특별자치도,부안군,하서면,126.662014,35.715622
1410,5280041000,전북특별자치도,부안군,줄포면,126.677693,35.591459
1411,5280042000,전북특별자치도,부안군,위도면,126.293034,35.60259
